store_id,product_id,on_hand_qty,reorder_level,snapshot_date
ST001,P00125,202,17,2026-07-10
ST001,P00197,268,33,2026-07-10
ST001,P00208,145,29,2026-07-10
ST001,P00057,71,49,2026-07-10
ST001,P00163,84,24,2026-07-10
ST001,P00155,253,44,2026-07-10
ST001,P00077,227,33,2026-07-10
ST001,P00259,151,45,2026-07-10
ST001,P00216,155,41,2026-07-10
ST001,P00243,261,19,2026-07-10
ST001,P00240,197,34,2026-07-10
ST001,P00100,77,26,2026-07-10
ST001,P00173,142,41,2026-07-10
ST001,P00132,55,28,2026-07-10
ST001,P00278,53,16,2026-07-10
ST001,P00042,230,28,2026-07-10
ST001,P00181,129,20,2026-07-10
ST001,P00091,195,49,2026-07-10
ST001,P00011,261,20,2026-07-10
ST001,P00069,117,14,2026-07-10
ST001,P00253,285,12,2026-07-10
ST001,P00006,139,10,2026-07-10
ST001,P00277,129,50,2026-07-10
ST001,P00065,32,40,2026-07-10
ST001,P00212,159,34,2026-07-10
ST001,P00218,64,13,2026-07-10
ST001,P00105,93,39,2026-07-10
ST001,P00067,109,22,2026-07-10
ST001,P00013,207,38,2026-07-10
ST001,P00131,237,32,2026-07-10
ST001,P00134,299,21,2026-07-10
ST001,P00001,151,44,2026-07-10
ST001,P00252,163,46,2026-07-10
ST001,P00038,254,12,2026-07-10
ST001,P00016,113,49,2026-07-10
ST001,P00124,99,10,2026-07-10
ST001,P00203,8,31,2026-07-10
ST001,P00179,108,30,2026-07-10
ST001,P00072,248,43,2026-07-10
ST001,P00004,184,48,2026-07-10
ST001,P00079,94,35,2026-07-10
ST001,P00217,230,14,2026-07-10
ST001,P00037,265,36,2026-07-10
ST001,P00237,294,40,2026-07-10
ST001,P00215,184,25,2026-07-10
ST001,P00083,284,18,2026-07-10
ST001,P00230,65,35,2026-07-10
ST001,P00227,74,10,2026-07-10
ST001,P00224,149,16,2026-07-10
ST001,P00039,227,22,2026-07-10
ST001,P00270,250,30,2026-07-10
ST001,P00070,142,20,2026-07-10
ST001,P00107,292,10,2026-07-10
ST001,P00182,71,38,2026-07-10
ST001,P00056,162,31,2026-07-10
ST001,P00129,4,27,2026-07-10
ST001,P00260,204,21,2026-07-10
ST001,P00284,256,34,2026-07-10
ST001,P00189,60,12,2026-07-10
ST001,P00130,14,20,2026-07-10
ST001,P00246,3,31,2026-07-10
ST001,P00053,212,12,2026-07-10
ST001,P00152,228,28,2026-07-10
ST001,P00049,45,43,2026-07-10
ST001,P00081,208,42,2026-07-10
ST001,P00122,181,50,2026-07-10
ST001,P00193,265,45,2026-07-10
ST001,P00272,64,14,2026-07-10
ST001,P00266,132,39,2026-07-10
ST001,P00249,158,11,2026-07-10
ST001,P00236,101,16,2026-07-10
ST001,P00257,254,19,2026-07-10
ST001,P00019,141,38,2026-07-10
ST001,P00002,115,42,2026-07-10
ST001,P00235,4,35,2026-07-10
ST001,P00027,103,24,2026-07-10
ST001,P00087,236,30,2026-07-10
ST001,P00098,90,31,2026-07-10
ST001,P00198,14,40,2026-07-10
ST001,P00095,17,33,2026-07-10
ST001,P00158,0,23,2026-07-10
ST001,P00080,146,26,2026-07-10
ST001,P00223,2,49,2026-07-10
ST001,P00196,117,28,2026-07-10
ST001,P00099,283,42,2026-07-10
ST001,P00034,1,29,2026-07-10
ST001,P00089,18,12,2026-07-10
ST001,P00251,16,21,2026-07-10
ST001,P00165,157,13,2026-07-10
ST001,P00160,87,46,2026-07-10
ST001,P00157,66,31,2026-07-10
ST001,P00159,140,42,2026-07-10
ST001,P00028,209,50,2026-07-10
ST001,P00172,257,37,2026-07-10
ST001,P00139,130,43,2026-07-10
ST001,P00169,15,38,2026-07-10
ST001,P00263,161,29,2026-07-10
ST001,P00054,282,10,2026-07-10
ST001,P00294,195,15,2026-07-10
ST001,P00247,294,32,2026-07-10
ST002,P00023,229,30,2026-07-10
ST002,P00283,62,31,2026-07-10
ST002,P00193,269,28,2026-07-10
ST002,P00041,203,50,2026-07-10
ST002,P00053,179,12,2026-07-10
ST002,P00204,90,22,2026-07-10
ST002,P00265,102,29,2026-07-10
ST002,P00152,241,22,2026-07-10
ST002,P00007,187,41,2026-07-10
ST002,P00135,178,20,2026-07-10
ST002,P00296,184,41,2026-07-10
ST002,P00024,15,45,2026-07-10
ST002,P00205,67,22,2026-07-10
ST002,P00254,174,47,2026-07-10
ST002,P00186,37,14,2026-07-10
ST002,P00071,67,14,2026-07-10
ST002,P00209,86,43,2026-07-10
ST002,P00105,247,11,2026-07-10
ST002,P00097,220,16,2026-07-10
ST002,P00236,6,11,2026-07-10
ST002,P00203,220,32,2026-07-10
ST002,P00010,86,34,2026-07-10
ST002,P00211,72,44,2026-07-10
ST002,P00082,294,10,2026-07-10
ST002,P00237,269,13,2026-07-10
ST002,P00086,297,11,2026-07-10
ST002,P00075,286,43,2026-07-10
ST002,P00095,124,18,2026-07-10
ST002,P00079,129,26,2026-07-10
ST002,P00167,166,22,2026-07-10
ST002,P00141,87,14,2026-07-10
ST002,P00019,241,27,2026-07-10
ST002,P00228,43,14,2026-07-10
ST002,P00187,30,39,2026-07-10
ST002,P00191,144,11,2026-07-10
ST002,P00021,285,25,2026-07-10
ST002,P00289,73,31,2026-07-10
ST002,P00120,246,49,2026-07-10
ST002,P00264,88,32,2026-07-10
ST002,P00088,98,26,2026-07-10
ST002,P00093,251,36,2026-07-10
ST002,P00103,186,28,2026-07-10
ST002,P00034,25,38,2026-07-10
ST002,P00012,299,29,2026-07-10
ST002,P00166,120,48,2026-07-10
ST002,P00123,12,14,2026-07-10
ST002,P00275,194,12,2026-07-10
ST002,P00080,255,37,2026-07-10
ST002,P00028,107,14,2026-07-10
ST002,P00281,12,22,2026-07-10
ST002,P00084,226,34,2026-07-10
ST002,P00031,17,23,2026-07-10
ST002,P00056,223,12,2026-07-10
ST002,P00070,62,16,2026-07-10
ST002,P00116,89,34,2026-07-10
ST002,P00199,234,24,2026-07-10
ST002,P00003,83,36,2026-07-10
ST002,P00181,183,17,2026-07-10
ST002,P00248,209,41,2026-07-10
ST002,P00238,201,34,2026-07-10
ST002,P00145,266,35,2026-07-10
ST002,P00100,200,43,2026-07-10
ST002,P00188,267,21,2026-07-10
ST002,P00197,44,43,2026-07-10
ST002,P00214,225,19,2026-07-10
ST002,P00114,132,29,2026-07-10
ST002,P00143,18,35,2026-07-10
ST002,P00107,194,33,2026-07-10
ST002,P00014,148,34,2026-07-10
ST002,P00168,112,25,2026-07-10
ST002,P00291,200,28,2026-07-10
ST002,P00177,238,33,2026-07-10
ST002,P00170,119,14,2026-07-10
ST002,P00133,101,12,2026-07-10
ST002,P00285,170,25,2026-07-10
ST002,P00220,132,46,2026-07-10
ST002,P00190,163,46,2026-07-10
ST002,P00284,161,16,2026-07-10
ST002,P00240,67,23,2026-07-10
ST002,P00060,41,37,2026-07-10
ST002,P00006,25,42,2026-07-10
ST002,P00148,119,29,2026-07-10
ST002,P00090,130,22,2026-07-10
ST002,P00055,68,42,2026-07-10
ST002,P00009,189,33,2026-07-10
ST002,P00160,165,37,2026-07-10
ST002,P00142,194,32,2026-07-10
ST002,P00218,69,27,2026-07-10
ST002,P00262,97,22,2026-07-10
ST002,P00172,171,17,2026-07-10
ST002,P00189,96,48,2026-07-10
ST002,P00221,201,46,2026-07-10
ST002,P00178,229,37,2026-07-10
ST002,P00230,48,42,2026-07-10
ST002,P00092,210,31,2026-07-10
ST002,P00091,280,24,2026-07-10
ST002,P00150,271,15,2026-07-10
ST002,P00063,180,44,2026-07-10
ST002,P00001,159,11,2026-07-10
ST002,P00246,1,28,2026-07-10
ST003,P00270,35,44,2026-07-10
ST003,P00162,175,24,2026-07-10
ST003,P00056,214,30,2026-07-10
ST003,P00011,246,38,2026-07-10
ST003,P00165,109,27,2026-07-10
ST003,P00043,211,46,2026-07-10
ST003,P00227,261,25,2026-07-10
ST003,P00189,192,42,2026-07-10
ST003,P00140,42,37,2026-07-10
ST003,P00188,267,34,2026-07-10
ST003,P00041,109,24,2026-07-10
ST003,P00291,270,26,2026-07-10
ST003,P00126,263,30,2026-07-10
ST003,P00078,219,22,2026-07-10
ST003,P00213,285,24,2026-07-10
ST003,P00232,101,50,2026-07-10
ST003,P00063,46,33,2026-07-10
ST003,P00071,163,46,2026-07-10
ST003,P00074,258,42,2026-07-10
ST003,P00157,261,32,2026-07-10
ST003,P00231,138,50,2026-07-10
ST003,P00217,40,27,2026-07-10
ST003,P00180,223,10,2026-07-10
ST003,P00257,86,22,2026-07-10
ST003,P00102,243,42,2026-07-10
ST003,P00016,62,33,2026-07-10
ST003,P00240,129,29,2026-07-10
ST003,P00229,80,35,2026-07-10
ST003,P00206,277,40,2026-07-10
ST003,P00278,31,26,2026-07-10
ST003,P00248,0,22,2026-07-10
ST003,P00199,174,49,2026-07-10
ST003,P00060,78,17,2026-07-10
ST003,P00053,24,49,2026-07-10
ST003,P00148,122,40,2026-07-10
ST003,P00288,45,13,2026-07-10
ST003,P00052,226,19,2026-07-10
ST003,P00072,234,45,2026-07-10
ST003,P00024,259,28,2026-07-10
ST003,P00069,0,20,2026-07-10
ST003,P00274,126,30,2026-07-10
ST003,P00028,54,32,2026-07-10
ST003,P00009,210,15,2026-07-10
ST003,P00035,172,13,2026-07-10
ST003,P00211,285,44,2026-07-10
ST003,P00190,209,44,2026-07-10
ST003,P00055,76,24,2026-07-10
ST003,P00119,118,48,2026-07-10
ST003,P00266,230,24,2026-07-10
ST003,P00144,279,10,2026-07-10
ST003,P00013,220,24,2026-07-10
ST003,P00259,46,30,2026-07-10
ST003,P00167,58,33,2026-07-10
ST003,P00153,178,18,2026-07-10
ST003,P00221,44,30,2026-07-10
ST003,P00159,149,25,2026-07-10
ST003,P00097,124,13,2026-07-10
ST003,P00108,67,13,2026-07-10
ST003,P00065,35,46,2026-07-10
ST003,P00298,220,24,2026-07-10
ST003,P00223,141,10,2026-07-10
ST003,P00210,132,22,2026-07-10
ST003,P00092,41,40,2026-07-10
ST003,P00064,183,45,2026-07-10
ST003,P00083,22,44,2026-07-10
ST003,P00239,123,43,2026-07-10
ST003,P00106,258,34,2026-07-10
ST003,P00145,19,12,2026-07-10
ST003,P00163,67,14,2026-07-10
ST003,P00101,30,47,2026-07-10
ST003,P00125,112,43,2026-07-10
ST003,P00193,73,12,2026-07-10
ST003,P00192,167,46,2026-07-10
ST003,P00250,23,16,2026-07-10
ST003,P00111,121,15,2026-07-10
ST003,P00253,169,23,2026-07-10
ST003,P00287,219,44,2026-07-10
ST003,P00048,84,22,2026-07-10
ST003,P00181,209,40,2026-07-10
ST003,P00038,284,30,2026-07-10
ST003,P00036,66,11,2026-07-10
ST003,P00080,102,36,2026-07-10
ST003,P00218,197,47,2026-07-10
ST003,P00284,38,32,2026-07-10
ST003,P00292,142,34,2026-07-10
ST003,P00003,67,15,2026-07-10
ST003,P00286,152,40,2026-07-10
ST003,P00032,186,15,2026-07-10
ST003,P00260,299,30,2026-07-10
ST003,P00171,10,14,2026-07-10
ST003,P00296,283,42,2026-07-10
ST003,P00273,30,15,2026-07-10
ST003,P00299,93,20,2026-07-10
ST003,P00194,239,12,2026-07-10
ST003,P00290,297,27,2026-07-10
ST003,P00122,263,15,2026-07-10
ST003,P00205,274,25,2026-07-10
ST003,P00070,83,49,2026-07-10
ST003,P00129,160,28,2026-07-10
ST003,P00245,278,27,2026-07-10
ST004,P00297,13,45,2026-07-10
ST004,P00077,11,11,2026-07-10
ST004,P00296,51,40,2026-07-10
ST004,P00059,211,25,2026-07-10
ST004,P00044,92,32,2026-07-10
ST004,P00276,88,37,2026-07-10
ST004,P00258,78,10,2026-07-10
ST004,P00205,278,48,2026-07-10
ST004,P00030,95,11,2026-07-10
ST004,P00294,174,32,2026-07-10
ST004,P00082,142,43,2026-07-10
ST004,P00171,250,47,2026-07-10
ST004,P00228,258,43,2026-07-10
ST004,P00265,16,38,2026-07-10
ST004,P00289,287,35,2026-07-10
ST004,P00260,24,36,2026-07-10
ST004,P00174,296,37,2026-07-10
ST004,P00072,161,41,2026-07-10
ST004,P00064,212,46,2026-07-10
ST004,P00179,154,22,2026-07-10
ST004,P00060,151,41,2026-07-10
ST004,P00244,299,33,2026-07-10
ST004,P00263,158,11,2026-07-10
ST004,P00006,102,25,2026-07-10
ST004,P00170,150,50,2026-07-10
ST004,P00155,137,48,2026-07-10
ST004,P00166,276,47,2026-07-10
ST004,P00229,295,37,2026-07-10
ST004,P00117,159,19,2026-07-10
ST004,P00293,229,12,2026-07-10
ST004,P00025,94,42,2026-07-10
ST004,P00040,279,40,2026-07-10
ST004,P00054,150,40,2026-07-10
ST004,P00119,134,26,2026-07-10
ST004,P00107,93,23,2026-07-10
ST004,P00256,222,29,2026-07-10
ST004,P00159,44,20,2026-07-10
ST004,P00266,169,25,2026-07-10
ST004,P00149,239,23,2026-07-10
ST004,P00225,78,16,2026-07-10
ST004,P00050,214,31,2026-07-10
ST004,P00080,120,41,2026-07-10
ST004,P00240,27,28,2026-07-10
ST004,P00283,213,31,2026-07-10
ST004,P00069,128,45,2026-07-10
ST004,P00122,262,15,2026-07-10
ST004,P00287,163,34,2026-07-10
ST004,P00169,153,20,2026-07-10
ST004,P00281,288,33,2026-07-10
ST004,P00238,210,26,2026-07-10
ST004,P00213,170,35,2026-07-10
ST004,P00153,53,11,2026-07-10
ST004,P00029,30,26,2026-07-10
ST004,P00001,110,43,2026-07-10
ST004,P00195,220,11,2026-07-10
ST004,P00221,278,41,2026-07-10
ST004,P00129,77,27,2026-07-10
ST004,P00085,294,30,2026-07-10
ST004,P00035,116,24,2026-07-10
ST004,P00300,262,24,2026-07-10
ST004,P00154,5,21,2026-07-10
ST004,P00020,295,44,2026-07-10
ST004,P00031,46,48,2026-07-10
ST004,P00058,93,36,2026-07-10
ST004,P00298,66,46,2026-07-10
ST004,P00232,140,24,2026-07-10
ST004,P00101,24,27,2026-07-10
ST004,P00243,184,49,2026-07-10
ST004,P00087,271,14,2026-07-10
ST004,P00056,264,31,2026-07-10
ST004,P00027,65,39,2026-07-10
ST004,P00116,8,19,2026-07-10
ST004,P00133,78,33,2026-07-10
ST004,P00115,214,15,2026-07-10
ST004,P00095,81,22,2026-07-10
ST004,P00207,240,45,2026-07-10
ST004,P00165,31,33,2026-07-10
ST004,P00284,229,22,2026-07-10
ST004,P00089,299,46,2026-07-10
ST004,P00036,167,30,2026-07-10
ST004,P00073,136,27,2026-07-10
ST004,P00181,131,22,2026-07-10
ST004,P00038,221,27,2026-07-10
ST004,P00138,242,21,2026-07-10
ST004,P00136,45,11,2026-07-10
ST004,P00142,179,10,2026-07-10
ST004,P00272,185,35,2026-07-10
ST004,P00230,215,49,2026-07-10
ST004,P00158,253,34,2026-07-10
ST004,P00234,262,38,2026-07-10
ST004,P00286,83,10,2026-07-10
ST004,P00049,110,20,2026-07-10
ST004,P00279,106,47,2026-07-10
ST004,P00198,75,20,2026-07-10
ST004,P00285,243,46,2026-07-10
ST004,P00275,12,46,2026-07-10
ST004,P00253,28,33,2026-07-10
ST004,P00118,189,13,2026-07-10
ST004,P00178,165,35,2026-07-10
ST004,P00120,148,36,2026-07-10
ST005,P00055,199,44,2026-07-10
ST005,P00049,88,41,2026-07-10
ST005,P00251,161,15,2026-07-10
ST005,P00167,240,13,2026-07-10
ST005,P00144,219,49,2026-07-10
ST005,P00126,170,42,2026-07-10
ST005,P00120,195,17,2026-07-10
ST005,P00221,193,43,2026-07-10
ST005,P00014,18,46,2026-07-10
ST005,P00197,112,15,2026-07-10
ST005,P00193,83,35,2026-07-10
ST005,P00114,3,34,2026-07-10
ST005,P00110,205,13,2026-07-10
ST005,P00259,139,28,2026-07-10
ST005,P00177,101,19,2026-07-10
ST005,P00043,66,28,2026-07-10
ST005,P00210,109,27,2026-07-10
ST005,P00169,226,27,2026-07-10
ST005,P00237,112,19,2026-07-10
ST005,P00234,173,26,2026-07-10
ST005,P00019,73,30,2026-07-10
ST005,P00115,29,47,2026-07-10
ST005,P00203,85,10,2026-07-10
ST005,P00094,52,26,2026-07-10
ST005,P00062,166,50,2026-07-10
ST005,P00190,153,22,2026-07-10
ST005,P00273,154,29,2026-07-10
ST005,P00201,10,12,2026-07-10
ST005,P00257,153,40,2026-07-10
ST005,P00095,22,50,2026-07-10
ST005,P00042,64,13,2026-07-10
ST005,P00287,147,28,2026-07-10
ST005,P00181,201,17,2026-07-10
ST005,P00160,122,46,2026-07-10
ST005,P00189,205,42,2026-07-10
ST005,P00098,74,13,2026-07-10
ST005,P00247,244,29,2026-07-10
ST005,P00022,130,21,2026-07-10
ST005,P00174,185,22,2026-07-10
ST005,P00013,110,47,2026-07-10
ST005,P00082,194,30,2026-07-10
ST005,P00025,295,30,2026-07-10
ST005,P00036,196,20,2026-07-10
ST005,P00270,67,24,2026-07-10
ST005,P00196,194,14,2026-07-10
ST005,P00010,250,12,2026-07-10
ST005,P00073,297,25,2026-07-10
ST005,P00035,255,28,2026-07-10
ST005,P00171,247,42,2026-07-10
ST005,P00263,113,43,2026-07-10
ST005,P00145,31,37,2026-07-10
ST005,P00168,285,26,2026-07-10
ST005,P00064,175,17,2026-07-10
ST005,P00152,84,15,2026-07-10
ST005,P00240,56,12,2026-07-10
ST005,P00228,128,48,2026-07-10
ST005,P00222,176,33,2026-07-10
ST005,P00205,157,13,2026-07-10
ST005,P00059,171,24,2026-07-10
ST005,P00104,255,39,2026-07-10
ST005,P00295,196,43,2026-07-10
ST005,P00004,249,47,2026-07-10
ST005,P00140,110,22,2026-07-10
ST005,P00052,170,38,2026-07-10
ST005,P00198,114,39,2026-07-10
ST005,P00077,184,27,2026-07-10
ST005,P00293,159,40,2026-07-10
ST005,P00220,196,23,2026-07-10
ST005,P00056,157,44,2026-07-10
ST005,P00162,216,29,2026-07-10
ST005,P00150,290,47,2026-07-10
ST005,P00207,260,10,2026-07-10
ST005,P00026,40,31,2026-07-10
ST005,P00211,101,15,2026-07-10
ST005,P00093,191,35,2026-07-10
ST005,P00007,165,19,2026-07-10
ST005,P00136,3,20,2026-07-10
ST005,P00219,47,39,2026-07-10
ST005,P00008,196,47,2026-07-10
ST005,P00123,33,29,2026-07-10
ST005,P00194,133,50,2026-07-10
ST005,P00209,67,50,2026-07-10
ST005,P00289,145,27,2026-07-10
ST005,P00091,96,37,2026-07-10
ST005,P00254,136,44,2026-07-10
ST005,P00088,81,20,2026-07-10
ST005,P00164,273,43,2026-07-10
ST005,P00218,48,13,2026-07-10
ST005,P00284,114,38,2026-07-10
ST005,P00255,56,37,2026-07-10
ST005,P00031,169,22,2026-07-10
ST005,P00202,23,11,2026-07-10
ST005,P00027,23,38,2026-07-10
ST005,P00147,0,40,2026-07-10
ST005,P00057,181,13,2026-07-10
ST005,P00029,9,15,2026-07-10
ST005,P00060,230,46,2026-07-10
ST005,P00262,184,21,2026-07-10
ST005,P00188,232,34,2026-07-10
ST005,P00127,248,23,2026-07-10
ST006,P00166,158,28,2026-07-10
ST006,P00125,276,10,2026-07-10
ST006,P00076,189,31,2026-07-10
ST006,P00069,51,43,2026-07-10
ST006,P00189,32,30,2026-07-10
ST006,P00193,142,33,2026-07-10
ST006,P00240,120,20,2026-07-10
ST006,P00093,0,39,2026-07-10
ST006,P00294,214,40,2026-07-10
ST006,P00186,87,39,2026-07-10
ST006,P00104,250,11,2026-07-10
ST006,P00274,298,38,2026-07-10
ST006,P00002,177,47,2026-07-10
ST006,P00267,143,50,2026-07-10
ST006,P00032,198,11,2026-07-10
ST006,P00258,133,16,2026-07-10
ST006,P00121,129,44,2026-07-10
ST006,P00146,289,31,2026-07-10
ST006,P00207,156,38,2026-07-10
ST006,P00096,136,13,2026-07-10
ST006,P00134,247,12,2026-07-10
ST006,P00232,101,43,2026-07-10
ST006,P00229,15,39,2026-07-10
ST006,P00147,264,29,2026-07-10
ST006,P00244,113,49,2026-07-10
ST006,P00288,13,47,2026-07-10
ST006,P00259,287,43,2026-07-10
ST006,P00226,135,38,2026-07-10
ST006,P00205,231,42,2026-07-10
ST006,P00299,107,41,2026-07-10
ST006,P00297,190,43,2026-07-10
ST006,P00018,139,30,2026-07-10
ST006,P00145,161,47,2026-07-10
ST006,P00170,168,25,2026-07-10
ST006,P00081,231,11,2026-07-10
ST006,P00268,153,30,2026-07-10
ST006,P00199,62,39,2026-07-10
ST006,P00131,100,19,2026-07-10
ST006,P00178,255,14,2026-07-10
ST006,P00281,239,38,2026-07-10
ST006,P00082,75,44,2026-07-10
ST006,P00192,277,28,2026-07-10
ST006,P00129,191,31,2026-07-10
ST006,P00034,72,22,2026-07-10
ST006,P00045,298,30,2026-07-10
ST006,P00128,17,50,2026-07-10
ST006,P00179,256,42,2026-07-10
ST006,P00139,76,13,2026-07-10
ST006,P00235,66,30,2026-07-10
ST006,P00175,144,32,2026-07-10
ST006,P00040,123,39,2026-07-10
ST006,P00071,142,48,2026-07-10
ST006,P00052,77,24,2026-07-10
ST006,P00061,97,37,2026-07-10
ST006,P00105,233,13,2026-07-10
ST006,P00124,16,50,2026-07-10
ST006,P00212,65,37,2026-07-10
ST006,P00066,121,10,2026-07-10
ST006,P00230,99,26,2026-07-10
ST006,P00250,64,29,2026-07-10
ST006,P00004,224,50,2026-07-10
ST006,P00245,284,26,2026-07-10
ST006,P00003,155,45,2026-07-10
ST006,P00221,230,28,2026-07-10
ST006,P00206,19,42,2026-07-10
ST006,P00289,37,35,2026-07-10
ST006,P00265,28,23,2026-07-10
ST006,P00222,118,14,2026-07-10
ST006,P00039,262,41,2026-07-10
ST006,P00017,203,46,2026-07-10
ST006,P00029,247,25,2026-07-10
ST006,P00119,30,20,2026-07-10
ST006,P00132,238,47,2026-07-10
ST006,P00130,63,41,2026-07-10
ST006,P00276,193,28,2026-07-10
ST006,P00007,217,48,2026-07-10
ST006,P00025,101,21,2026-07-10
ST006,P00136,206,16,2026-07-10
ST006,P00090,71,50,2026-07-10
ST006,P00277,64,49,2026-07-10
ST006,P00046,110,14,2026-07-10
ST006,P00257,289,10,2026-07-10
ST006,P00107,222,18,2026-07-10
ST006,P00133,85,27,2026-07-10
ST006,P00210,34,34,2026-07-10
ST006,P00246,139,35,2026-07-10
ST006,P00280,259,49,2026-07-10
ST006,P00163,173,15,2026-07-10
ST006,P00122,266,18,2026-07-10
ST006,P00174,161,13,2026-07-10
ST006,P00070,198,29,2026-07-10
ST006,P00056,197,12,2026-07-10
ST006,P00154,197,23,2026-07-10
ST006,P00266,79,38,2026-07-10
ST006,P00218,160,19,2026-07-10
ST006,P00198,203,19,2026-07-10
ST006,P00249,281,36,2026-07-10
ST006,P00171,270,47,2026-07-10
ST006,P00197,241,16,2026-07-10
ST006,P00123,176,25,2026-07-10
ST007,P00042,157,20,2026-07-10
ST007,P00126,261,33,2026-07-10
ST007,P00206,159,12,2026-07-10
ST007,P00163,250,28,2026-07-10
ST007,P00096,174,13,2026-07-10
ST007,P00131,292,15,2026-07-10
ST007,P00047,24,36,2026-07-10
ST007,P00262,274,26,2026-07-10
ST007,P00065,163,21,2026-07-10
ST007,P00103,25,35,2026-07-10
ST007,P00111,240,47,2026-07-10
ST007,P00272,8,31,2026-07-10
ST007,P00242,66,43,2026-07-10
ST007,P00240,1,47,2026-07-10
ST007,P00205,7,43,2026-07-10
ST007,P00093,242,17,2026-07-10
ST007,P00109,1,39,2026-07-10
ST007,P00114,243,21,2026-07-10
ST007,P00214,114,11,2026-07-10
ST007,P00032,46,32,2026-07-10
ST007,P00229,19,24,2026-07-10
ST007,P00082,40,38,2026-07-10
ST007,P00061,44,42,2026-07-10
ST007,P00097,100,20,2026-07-10
ST007,P00148,143,45,2026-07-10
ST007,P00110,114,47,2026-07-10
ST007,P00166,128,40,2026-07-10
ST007,P00067,251,20,2026-07-10
ST007,P00158,184,26,2026-07-10
ST007,P00052,101,38,2026-07-10
ST007,P00173,0,31,2026-07-10
ST007,P00174,135,14,2026-07-10
ST007,P00003,59,42,2026-07-10
ST007,P00276,265,24,2026-07-10
ST007,P00024,57,33,2026-07-10
ST007,P00127,259,10,2026-07-10
ST007,P00086,130,39,2026-07-10
ST007,P00284,65,14,2026-07-10
ST007,P00144,38,42,2026-07-10
ST007,P00102,136,33,2026-07-10
ST007,P00189,296,32,2026-07-10
ST007,P00062,92,33,2026-07-10
ST007,P00071,25,12,2026-07-10
ST007,P00091,32,27,2026-07-10
ST007,P00254,48,46,2026-07-10
ST007,P00300,112,31,2026-07-10
ST007,P00227,243,28,2026-07-10
ST007,P00195,181,24,2026-07-10
ST007,P00251,160,50,2026-07-10
ST007,P00046,94,34,2026-07-10
ST007,P00277,96,44,2026-07-10
ST007,P00231,139,18,2026-07-10
ST007,P00235,210,18,2026-07-10
ST007,P00075,188,30,2026-07-10
ST007,P00172,260,17,2026-07-10
ST007,P00296,285,11,2026-07-10
ST007,P00149,283,14,2026-07-10
ST007,P00280,29,21,2026-07-10
ST007,P00175,100,11,2026-07-10
ST007,P00054,229,33,2026-07-10
ST007,P00074,242,48,2026-07-10
ST007,P00092,233,11,2026-07-10
ST007,P00298,48,14,2026-07-10
ST007,P00287,38,18,2026-07-10
ST007,P00215,44,47,2026-07-10
ST007,P00016,150,23,2026-07-10
ST007,P00217,263,17,2026-07-10
ST007,P00224,60,23,2026-07-10
ST007,P00039,117,11,2026-07-10
ST007,P00164,147,24,2026-07-10
ST007,P00140,14,15,2026-07-10
ST007,P00183,104,42,2026-07-10
ST007,P00178,127,13,2026-07-10
ST007,P00084,114,25,2026-07-10
ST007,P00283,226,41,2026-07-10
ST007,P00273,94,15,2026-07-10
ST007,P00008,220,33,2026-07-10
ST007,P00192,37,14,2026-07-10
ST007,P00294,265,31,2026-07-10
ST007,P00089,269,26,2026-07-10
ST007,P00112,270,47,2026-07-10
ST007,P00044,292,49,2026-07-10
ST007,P00264,235,10,2026-07-10
ST007,P00161,91,10,2026-07-10
ST007,P00037,279,21,2026-07-10
ST007,P00270,109,17,2026-07-10
ST007,P00236,114,10,2026-07-10
ST007,P00073,134,14,2026-07-10
ST007,P00142,257,40,2026-07-10
ST007,P00241,277,15,2026-07-10
ST007,P00128,84,31,2026-07-10
ST007,P00299,230,23,2026-07-10
ST007,P00083,64,39,2026-07-10
ST007,P00160,254,16,2026-07-10
ST007,P00023,269,47,2026-07-10
ST007,P00207,188,47,2026-07-10
ST007,P00191,254,44,2026-07-10
ST007,P00100,178,27,2026-07-10
ST007,P00219,141,31,2026-07-10
ST007,P00122,11,32,2026-07-10
ST008,P00224,116,40,2026-07-10
ST008,P00076,73,47,2026-07-10
ST008,P00243,141,26,2026-07-10
ST008,P00132,147,45,2026-07-10
ST008,P00285,229,26,2026-07-10
ST008,P00075,162,44,2026-07-10
ST008,P00290,26,21,2026-07-10
ST008,P00024,83,24,2026-07-10
ST008,P00030,126,49,2026-07-10
ST008,P00148,245,38,2026-07-10
ST008,P00023,242,45,2026-07-10
ST008,P00274,142,42,2026-07-10
ST008,P00140,111,47,2026-07-10
ST008,P00059,169,31,2026-07-10
ST008,P00295,20,33,2026-07-10
ST008,P00139,249,21,2026-07-10
ST008,P00291,106,27,2026-07-10
ST008,P00112,226,36,2026-07-10
ST008,P00100,244,34,2026-07-10
ST008,P00298,92,34,2026-07-10
ST008,P00125,40,35,2026-07-10
ST008,P00085,198,43,2026-07-10
ST008,P00065,211,30,2026-07-10
ST008,P00138,246,31,2026-07-10
ST008,P00263,39,32,2026-07-10
ST008,P00275,122,42,2026-07-10
ST008,P00230,196,17,2026-07-10
ST008,P00026,157,45,2026-07-10
ST008,P00017,227,14,2026-07-10
ST008,P00156,271,27,2026-07-10
ST008,P00015,246,46,2026-07-10
ST008,P00028,86,33,2026-07-10
ST008,P00200,32,32,2026-07-10
ST008,P00299,204,23,2026-07-10
ST008,P00204,184,25,2026-07-10
ST008,P00128,300,14,2026-07-10
ST008,P00096,12,34,2026-07-10
ST008,P00136,54,30,2026-07-10
ST008,P00087,159,36,2026-07-10
ST008,P00193,283,25,2026-07-10
ST008,P00043,227,32,2026-07-10
ST008,P00234,269,33,2026-07-10
ST008,P00069,80,35,2026-07-10
ST008,P00195,106,41,2026-07-10
ST008,P00171,156,31,2026-07-10
ST008,P00229,60,47,2026-07-10
ST008,P00152,53,23,2026-07-10
ST008,P00261,70,21,2026-07-10
ST008,P00151,26,23,2026-07-10
ST008,P00116,130,36,2026-07-10
ST008,P00081,122,47,2026-07-10
ST008,P00189,263,10,2026-07-10
ST008,P00215,245,13,2026-07-10
ST008,P00172,29,23,2026-07-10
ST008,P00279,52,23,2026-07-10
ST008,P00208,175,22,2026-07-10
ST008,P00251,128,44,2026-07-10
ST008,P00057,284,15,2026-07-10
ST008,P00050,296,22,2026-07-10
ST008,P00011,34,14,2026-07-10
ST008,P00013,170,11,2026-07-10
ST008,P00277,158,18,2026-07-10
ST008,P00192,291,22,2026-07-10
ST008,P00197,23,40,2026-07-10
ST008,P00232,296,33,2026-07-10
ST008,P00073,264,17,2026-07-10
ST008,P00174,80,28,2026-07-10
ST008,P00072,163,24,2026-07-10
ST008,P00104,194,44,2026-07-10
ST008,P00247,186,10,2026-07-10
ST008,P00242,215,35,2026-07-10
ST008,P00259,59,41,2026-07-10
ST008,P00221,91,28,2026-07-10
ST008,P00025,102,20,2026-07-10
ST008,P00137,252,39,2026-07-10
ST008,P00216,220,30,2026-07-10
ST008,P00198,39,13,2026-07-10
ST008,P00272,105,12,2026-07-10
ST008,P00201,214,48,2026-07-10
ST008,P00103,177,38,2026-07-10
ST008,P00228,209,28,2026-07-10
ST008,P00102,215,19,2026-07-10
ST008,P00223,259,46,2026-07-10
ST008,P00123,32,19,2026-07-10
ST008,P00292,150,46,2026-07-10
ST008,P00252,49,25,2026-07-10
ST008,P00061,282,18,2026-07-10
ST008,P00173,145,11,2026-07-10
ST008,P00218,109,15,2026-07-10
ST008,P00154,109,22,2026-07-10
ST008,P00239,27,42,2026-07-10
ST008,P00300,95,19,2026-07-10
ST008,P00155,55,14,2026-07-10
ST008,P00107,137,36,2026-07-10
ST008,P00083,102,26,2026-07-10
ST008,P00047,193,36,2026-07-10
ST008,P00165,258,23,2026-07-10
ST008,P00265,282,45,2026-07-10
ST008,P00278,189,31,2026-07-10
ST008,P00121,268,30,2026-07-10
ST009,P00075,253,38,2026-07-10
ST009,P00037,281,23,2026-07-10
ST009,P00186,117,50,2026-07-10
ST009,P00297,207,35,2026-07-10
ST009,P00147,71,16,2026-07-10
ST009,P00074,255,35,2026-07-10
ST009,P00053,19,24,2026-07-10
ST009,P00131,173,33,2026-07-10
ST009,P00052,92,14,2026-07-10
ST009,P00292,252,15,2026-07-10
ST009,P00268,62,46,2026-07-10
ST009,P00247,169,50,2026-07-10
ST009,P00117,175,22,2026-07-10
ST009,P00273,215,49,2026-07-10
ST009,P00153,162,30,2026-07-10
ST009,P00265,156,32,2026-07-10
ST009,P00235,244,42,2026-07-10
ST009,P00068,229,18,2026-07-10
ST009,P00209,210,18,2026-07-10
ST009,P00023,92,27,2026-07-10
ST009,P00199,165,17,2026-07-10
ST009,P00237,262,30,2026-07-10
ST009,P00048,213,12,2026-07-10
ST009,P00032,218,23,2026-07-10
ST009,P00018,29,11,2026-07-10
ST009,P00225,201,30,2026-07-10
ST009,P00077,152,12,2026-07-10
ST009,P00208,143,16,2026-07-10
ST009,P00252,197,28,2026-07-10
ST009,P00159,189,26,2026-07-10
ST009,P00047,118,20,2026-07-10
ST009,P00180,178,21,2026-07-10
ST009,P00293,168,16,2026-07-10
ST009,P00086,220,43,2026-07-10
ST009,P00228,100,33,2026-07-10
ST009,P00191,271,47,2026-07-10
ST009,P00277,256,14,2026-07-10
ST009,P00026,123,26,2026-07-10
ST009,P00021,60,43,2026-07-10
ST009,P00113,275,16,2026-07-10
ST009,P00211,283,15,2026-07-10
ST009,P00249,163,47,2026-07-10
ST009,P00262,160,35,2026-07-10
ST009,P00230,15,14,2026-07-10
ST009,P00298,67,16,2026-07-10
ST009,P00130,109,24,2026-07-10
ST009,P00099,193,48,2026-07-10
ST009,P00012,154,29,2026-07-10
ST009,P00294,110,39,2026-07-10
ST009,P00024,193,16,2026-07-10
ST009,P00242,180,24,2026-07-10
ST009,P00091,86,48,2026-07-10
ST009,P00078,235,17,2026-07-10
ST009,P00139,285,39,2026-07-10
ST009,P00163,264,18,2026-07-10
ST009,P00089,212,41,2026-07-10
ST009,P00278,275,11,2026-07-10
ST009,P00097,209,40,2026-07-10
ST009,P00219,234,21,2026-07-10
ST009,P00183,84,44,2026-07-10
ST009,P00107,78,40,2026-07-10
ST009,P00232,148,31,2026-07-10
ST009,P00223,213,37,2026-07-10
ST009,P00133,147,31,2026-07-10
ST009,P00194,86,27,2026-07-10
ST009,P00255,178,29,2026-07-10
ST009,P00296,234,28,2026-07-10
ST009,P00290,257,30,2026-07-10
ST009,P00215,133,19,2026-07-10
ST009,P00272,193,37,2026-07-10
ST009,P00169,21,10,2026-07-10
ST009,P00148,87,41,2026-07-10
ST009,P00027,199,14,2026-07-10
ST009,P00185,21,12,2026-07-10
ST009,P00222,260,12,2026-07-10
ST009,P00220,49,45,2026-07-10
ST009,P00248,13,40,2026-07-10
ST009,P00299,129,21,2026-07-10
ST009,P00144,246,29,2026-07-10
ST009,P00134,19,25,2026-07-10
ST009,P00240,179,38,2026-07-10
ST009,P00259,240,19,2026-07-10
ST009,P00055,137,37,2026-07-10
ST009,P00003,227,48,2026-07-10
ST009,P00234,182,38,2026-07-10
ST009,P00119,14,24,2026-07-10
ST009,P00236,259,46,2026-07-10
ST009,P00064,122,16,2026-07-10
ST009,P00030,163,28,2026-07-10
ST009,P00197,204,33,2026-07-10
ST009,P00094,232,15,2026-07-10
ST009,P00263,123,16,2026-07-10
ST009,P00127,20,20,2026-07-10
ST009,P00087,211,43,2026-07-10
ST009,P00120,148,31,2026-07-10
ST009,P00166,90,48,2026-07-10
ST009,P00022,217,27,2026-07-10
ST009,P00165,52,33,2026-07-10
ST009,P00129,71,25,2026-07-10
ST009,P00128,82,18,2026-07-10
ST010,P00061,135,45,2026-07-10
ST010,P00270,256,26,2026-07-10
ST010,P00140,208,48,2026-07-10
ST010,P00229,86,43,2026-07-10
ST010,P00104,36,49,2026-07-10
ST010,P00241,45,17,2026-07-10
ST010,P00168,122,17,2026-07-10
ST010,P00278,100,15,2026-07-10
ST010,P00286,5,22,2026-07-10
ST010,P00267,37,14,2026-07-10
ST010,P00177,297,10,2026-07-10
ST010,P00247,139,36,2026-07-10
ST010,P00191,141,17,2026-07-10
ST010,P00091,265,12,2026-07-10
ST010,P00121,167,33,2026-07-10
ST010,P00194,204,13,2026-07-10
ST010,P00254,42,39,2026-07-10
ST010,P00066,57,31,2026-07-10
ST010,P00204,247,43,2026-07-10
ST010,P00236,95,26,2026-07-10
ST010,P00210,291,43,2026-07-10
ST010,P00150,39,50,2026-07-10
ST010,P00135,297,20,2026-07-10
ST010,P00127,128,12,2026-07-10
ST010,P00218,237,37,2026-07-10
ST010,P00283,290,20,2026-07-10
ST010,P00129,83,24,2026-07-10
ST010,P00087,176,22,2026-07-10
ST010,P00276,37,41,2026-07-10
ST010,P00264,128,13,2026-07-10
ST010,P00117,38,41,2026-07-10
ST010,P00231,277,44,2026-07-10
ST010,P00031,224,20,2026-07-10
ST010,P00192,293,21,2026-07-10
ST010,P00180,127,44,2026-07-10
ST010,P00023,116,30,2026-07-10
ST010,P00020,31,38,2026-07-10
ST010,P00034,151,47,2026-07-10
ST010,P00182,177,13,2026-07-10
ST010,P00014,106,48,2026-07-10
ST010,P00101,184,29,2026-07-10
ST010,P00082,125,35,2026-07-10
ST010,P00115,49,16,2026-07-10
ST010,P00230,0,30,2026-07-10
ST010,P00049,228,47,2026-07-10
ST010,P00206,192,50,2026-07-10
ST010,P00232,8,13,2026-07-10
ST010,P00189,214,24,2026-07-10
ST010,P00097,292,25,2026-07-10
ST010,P00109,69,19,2026-07-10
ST010,P00024,182,46,2026-07-10
ST010,P00095,217,14,2026-07-10
ST010,P00076,119,15,2026-07-10
ST010,P00085,134,34,2026-07-10
ST010,P00201,179,32,2026-07-10
ST010,P00114,26,48,2026-07-10
ST010,P00136,9,12,2026-07-10
ST010,P00039,258,36,2026-07-10
ST010,P00209,96,40,2026-07-10
ST010,P00086,25,13,2026-07-10
ST010,P00009,300,29,2026-07-10
ST010,P00001,260,41,2026-07-10
ST010,P00106,97,47,2026-07-10
ST010,P00132,55,17,2026-07-10
ST010,P00084,162,45,2026-07-10
ST010,P00103,70,20,2026-07-10
ST010,P00047,31,26,2026-07-10
ST010,P00285,44,26,2026-07-10
ST010,P00069,164,43,2026-07-10
ST010,P00030,126,18,2026-07-10
ST010,P00116,127,43,2026-07-10
ST010,P00233,28,13,2026-07-10
ST010,P00216,156,31,2026-07-10
ST010,P00056,192,36,2026-07-10
ST010,P00102,291,32,2026-07-10
ST010,P00173,193,21,2026-07-10
ST010,P00253,4,42,2026-07-10
ST010,P00146,101,45,2026-07-10
ST010,P00008,134,31,2026-07-10
ST010,P00059,3,21,2026-07-10
ST010,P00244,128,23,2026-07-10
ST010,P00007,194,45,2026-07-10
ST010,P00158,134,21,2026-07-10
ST010,P00292,80,46,2026-07-10
ST010,P00113,218,31,2026-07-10
ST010,P00198,289,14,2026-07-10
ST010,P00050,96,47,2026-07-10
ST010,P00108,164,30,2026-07-10
ST010,P00003,71,49,2026-07-10
ST010,P00053,81,34,2026-07-10
ST010,P00153,281,41,2026-07-10
ST010,P00202,117,41,2026-07-10
ST010,P00107,99,36,2026-07-10
ST010,P00223,176,13,2026-07-10
ST010,P00152,22,29,2026-07-10
ST010,P00221,182,21,2026-07-10
ST010,P00220,164,22,2026-07-10
ST010,P00038,43,17,2026-07-10
ST010,P00018,129,25,2026-07-10
ST010,P00141,147,40,2026-07-10
ST011,P00239,258,45,2026-07-10
ST011,P00176,176,12,2026-07-10
ST011,P00048,275,11,2026-07-10
ST011,P00041,8,47,2026-07-10
ST011,P00002,86,39,2026-07-10
ST011,P00073,229,14,2026-07-10
ST011,P00209,247,32,2026-07-10
ST011,P00129,113,23,2026-07-10
ST011,P00285,160,17,2026-07-10
ST011,P00060,25,25,2026-07-10
ST011,P00147,26,27,2026-07-10
ST011,P00252,1,20,2026-07-10
ST011,P00119,300,50,2026-07-10
ST011,P00245,235,37,2026-07-10
ST011,P00055,24,35,2026-07-10
ST011,P00018,98,30,2026-07-10
ST011,P00151,247,35,2026-07-10
ST011,P00130,166,23,2026-07-10
ST011,P00152,134,49,2026-07-10
ST011,P00096,116,46,2026-07-10
ST011,P00082,151,43,2026-07-10
ST011,P00038,23,14,2026-07-10
ST011,P00045,213,34,2026-07-10
ST011,P00296,293,49,2026-07-10
ST011,P00099,131,20,2026-07-10
ST011,P00090,48,26,2026-07-10
ST011,P00286,271,11,2026-07-10
ST011,P00013,97,12,2026-07-10
ST011,P00101,65,25,2026-07-10
ST011,P00125,119,37,2026-07-10
ST011,P00051,28,20,2026-07-10
ST011,P00230,187,48,2026-07-10
ST011,P00085,190,17,2026-07-10
ST011,P00167,67,24,2026-07-10
ST011,P00102,132,47,2026-07-10
ST011,P00262,131,12,2026-07-10
ST011,P00075,89,40,2026-07-10
ST011,P00023,112,24,2026-07-10
ST011,P00024,217,28,2026-07-10
ST011,P00223,264,50,2026-07-10
ST011,P00036,139,45,2026-07-10
ST011,P00231,108,46,2026-07-10
ST011,P00022,102,27,2026-07-10
ST011,P00193,17,40,2026-07-10
ST011,P00276,85,18,2026-07-10
ST011,P00226,234,16,2026-07-10
ST011,P00165,244,19,2026-07-10
ST011,P00277,185,40,2026-07-10
ST011,P00198,195,23,2026-07-10
ST011,P00254,228,17,2026-07-10
ST011,P00026,49,23,2026-07-10
ST011,P00233,137,43,2026-07-10
ST011,P00050,227,22,2026-07-10
ST011,P00267,206,40,2026-07-10
ST011,P00123,119,34,2026-07-10
ST011,P00293,195,18,2026-07-10
ST011,P00287,130,35,2026-07-10
ST011,P00079,67,33,2026-07-10
ST011,P00063,261,14,2026-07-10
ST011,P00020,214,22,2026-07-10
ST011,P00111,96,41,2026-07-10
ST011,P00221,1,40,2026-07-10
ST011,P00219,121,14,2026-07-10
ST011,P00117,18,19,2026-07-10
ST011,P00076,235,37,2026-07-10
ST011,P00008,56,14,2026-07-10
ST011,P00015,95,17,2026-07-10
ST011,P00175,293,35,2026-07-10
ST011,P00104,123,20,2026-07-10
ST011,P00180,240,19,2026-07-10
ST011,P00061,297,47,2026-07-10
ST011,P00168,77,43,2026-07-10
ST011,P00138,300,37,2026-07-10
ST011,P00103,26,49,2026-07-10
ST011,P00084,265,27,2026-07-10
ST011,P00173,69,15,2026-07-10
ST011,P00291,139,49,2026-07-10
ST011,P00120,79,19,2026-07-10
ST011,P00141,95,24,2026-07-10
ST011,P00053,6,30,2026-07-10
ST011,P00202,111,48,2026-07-10
ST011,P00260,44,41,2026-07-10
ST011,P00093,169,25,2026-07-10
ST011,P00278,40,28,2026-07-10
ST011,P00246,136,28,2026-07-10
ST011,P00136,259,12,2026-07-10
ST011,P00207,142,11,2026-07-10
ST011,P00294,283,50,2026-07-10
ST011,P00161,220,21,2026-07-10
ST011,P00004,255,47,2026-07-10
ST011,P00232,249,20,2026-07-10
ST011,P00139,21,20,2026-07-10
ST011,P00158,294,36,2026-07-10
ST011,P00249,110,13,2026-07-10
ST011,P00185,61,28,2026-07-10
ST011,P00213,282,37,2026-07-10
ST011,P00222,111,14,2026-07-10
ST011,P00149,194,36,2026-07-10
ST011,P00174,225,10,2026-07-10
ST011,P00203,232,39,2026-07-10
ST012,P00054,212,11,2026-07-10
ST012,P00017,232,47,2026-07-10
ST012,P00292,298,11,2026-07-10
ST012,P00062,38,16,2026-07-10
ST012,P00076,52,32,2026-07-10
ST012,P00035,270,49,2026-07-10
ST012,P00021,153,12,2026-07-10
ST012,P00029,129,27,2026-07-10
ST012,P00003,180,35,2026-07-10
ST012,P00126,53,24,2026-07-10
ST012,P00099,139,35,2026-07-10
ST012,P00122,40,48,2026-07-10
ST012,P00015,72,10,2026-07-10
ST012,P00297,265,46,2026-07-10
ST012,P00261,154,24,2026-07-10
ST012,P00278,131,36,2026-07-10
ST012,P00141,153,18,2026-07-10
ST012,P00178,270,29,2026-07-10
ST012,P00135,8,42,2026-07-10
ST012,P00024,78,42,2026-07-10
ST012,P00066,298,38,2026-07-10
ST012,P00119,64,35,2026-07-10
ST012,P00256,51,21,2026-07-10
ST012,P00300,77,48,2026-07-10
ST012,P00266,103,43,2026-07-10
ST012,P00010,212,45,2026-07-10
ST012,P00019,189,17,2026-07-10
ST012,P00183,74,18,2026-07-10
ST012,P00203,154,50,2026-07-10
ST012,P00221,106,14,2026-07-10
ST012,P00248,236,30,2026-07-10
ST012,P00240,277,41,2026-07-10
ST012,P00271,23,38,2026-07-10
ST012,P00133,180,14,2026-07-10
ST012,P00143,220,25,2026-07-10
ST012,P00040,198,19,2026-07-10
ST012,P00181,80,48,2026-07-10
ST012,P00155,182,33,2026-07-10
ST012,P00231,88,40,2026-07-10
ST012,P00046,259,15,2026-07-10
ST012,P00229,241,44,2026-07-10
ST012,P00170,58,30,2026-07-10
ST012,P00249,19,45,2026-07-10
ST012,P00168,28,50,2026-07-10
ST012,P00161,115,33,2026-07-10
ST012,P00007,159,38,2026-07-10
ST012,P00053,20,21,2026-07-10
ST012,P00173,71,22,2026-07-10
ST012,P00202,294,31,2026-07-10
ST012,P00055,225,40,2026-07-10
ST012,P00268,286,37,2026-07-10
ST012,P00230,286,39,2026-07-10
ST012,P00207,88,17,2026-07-10
ST012,P00115,103,50,2026-07-10
ST012,P00241,57,29,2026-07-10
ST012,P00265,57,41,2026-07-10
ST012,P00142,136,30,2026-07-10
ST012,P00068,68,47,2026-07-10
ST012,P00236,30,29,2026-07-10
ST012,P00269,230,12,2026-07-10
ST012,P00276,102,18,2026-07-10
ST012,P00212,274,13,2026-07-10
ST012,P00226,176,47,2026-07-10
ST012,P00064,286,22,2026-07-10
ST012,P00072,288,12,2026-07-10
ST012,P00267,1,21,2026-07-10
ST012,P00246,52,39,2026-07-10
ST012,P00172,293,41,2026-07-10
ST012,P00160,207,33,2026-07-10
ST012,P00117,176,28,2026-07-10
ST012,P00080,257,21,2026-07-10
ST012,P00291,237,15,2026-07-10
ST012,P00148,91,11,2026-07-10
ST012,P00081,159,36,2026-07-10
ST012,P00251,141,23,2026-07-10
ST012,P00150,5,18,2026-07-10
ST012,P00193,168,30,2026-07-10
ST012,P00299,1,25,2026-07-10
ST012,P00036,92,15,2026-07-10
ST012,P00209,180,14,2026-07-10
ST012,P00234,102,45,2026-07-10
ST012,P00288,4,39,2026-07-10
ST012,P00106,175,45,2026-07-10
ST012,P00184,143,32,2026-07-10
ST012,P00112,126,22,2026-07-10
ST012,P00191,121,34,2026-07-10
ST012,P00199,174,11,2026-07-10
ST012,P00005,74,32,2026-07-10
ST012,P00280,186,18,2026-07-10
ST012,P00187,129,12,2026-07-10
ST012,P00108,229,50,2026-07-10
ST012,P00149,204,24,2026-07-10
ST012,P00232,170,42,2026-07-10
ST012,P00129,0,32,2026-07-10
ST012,P00042,176,41,2026-07-10
ST012,P00109,296,31,2026-07-10
ST012,P00216,208,48,2026-07-10
ST012,P00123,132,33,2026-07-10
ST012,P00134,269,50,2026-07-10
ST012,P00228,158,31,2026-07-10
ST013,P00282,22,20,2026-07-10
ST013,P00031,238,34,2026-07-10
ST013,P00218,248,40,2026-07-10
ST013,P00021,144,12,2026-07-10
ST013,P00162,22,20,2026-07-10
ST013,P00137,14,26,2026-07-10
ST013,P00007,42,39,2026-07-10
ST013,P00183,250,42,2026-07-10
ST013,P00250,157,30,2026-07-10
ST013,P00219,137,44,2026-07-10
ST013,P00176,245,13,2026-07-10
ST013,P00281,189,39,2026-07-10
ST013,P00299,208,29,2026-07-10
ST013,P00235,8,45,2026-07-10
ST013,P00132,63,22,2026-07-10
ST013,P00255,33,23,2026-07-10
ST013,P00042,90,24,2026-07-10
ST013,P00205,268,17,2026-07-10
ST013,P00263,143,29,2026-07-10
ST013,P00206,268,44,2026-07-10
ST013,P00116,121,44,2026-07-10
ST013,P00027,227,40,2026-07-10
ST013,P00124,207,33,2026-07-10
ST013,P00265,32,40,2026-07-10
ST013,P00204,86,12,2026-07-10
ST013,P00178,86,42,2026-07-10
ST013,P00234,91,47,2026-07-10
ST013,P00060,287,28,2026-07-10
ST013,P00190,182,27,2026-07-10
ST013,P00260,21,23,2026-07-10
ST013,P00083,113,28,2026-07-10
ST013,P00009,159,38,2026-07-10
ST013,P00241,168,31,2026-07-10
ST013,P00213,115,22,2026-07-10
ST013,P00290,114,21,2026-07-10
ST013,P00193,285,10,2026-07-10
ST013,P00112,257,18,2026-07-10
ST013,P00082,6,16,2026-07-10
ST013,P00269,14,17,2026-07-10
ST013,P00217,67,13,2026-07-10
ST013,P00059,167,24,2026-07-10
ST013,P00275,20,14,2026-07-10
ST013,P00072,52,39,2026-07-10
ST013,P00098,56,16,2026-07-10
ST013,P00174,293,20,2026-07-10
ST013,P00295,273,28,2026-07-10
ST013,P00015,96,22,2026-07-10
ST013,P00121,180,13,2026-07-10
ST013,P00145,192,10,2026-07-10
ST013,P00198,277,12,2026-07-10
ST013,P00134,115,26,2026-07-10
ST013,P00024,269,20,2026-07-10
ST013,P00297,95,16,2026-07-10
ST013,P00050,70,49,2026-07-10
ST013,P00270,286,19,2026-07-10
ST013,P00039,3,42,2026-07-10
ST013,P00248,70,45,2026-07-10
ST013,P00113,132,49,2026-07-10
ST013,P00066,73,15,2026-07-10
ST013,P00099,121,43,2026-07-10
ST013,P00002,273,44,2026-07-10
ST013,P00266,131,26,2026-07-10
ST013,P00090,111,31,2026-07-10
ST013,P00087,198,32,2026-07-10
ST013,P00171,133,26,2026-07-10
ST013,P00157,262,20,2026-07-10
ST013,P00283,15,32,2026-07-10
ST013,P00048,245,10,2026-07-10
ST013,P00223,157,50,2026-07-10
ST013,P00188,180,28,2026-07-10
ST013,P00025,34,13,2026-07-10
ST013,P00222,177,19,2026-07-10
ST013,P00049,137,41,2026-07-10
ST013,P00030,172,26,2026-07-10
ST013,P00004,49,21,2026-07-10
ST013,P00287,260,41,2026-07-10
ST013,P00163,256,25,2026-07-10
ST013,P00076,287,19,2026-07-10
ST013,P00092,186,47,2026-07-10
ST013,P00001,182,11,2026-07-10
ST013,P00215,262,29,2026-07-10
ST013,P00210,211,27,2026-07-10
ST013,P00005,104,15,2026-07-10
ST013,P00136,60,16,2026-07-10
ST013,P00257,213,12,2026-07-10
ST013,P00286,77,37,2026-07-10
ST013,P00202,299,33,2026-07-10
ST013,P00026,294,24,2026-07-10
ST013,P00125,176,22,2026-07-10
ST013,P00224,74,26,2026-07-10
ST013,P00203,133,48,2026-07-10
ST013,P00126,258,39,2026-07-10
ST013,P00181,125,17,2026-07-10
ST013,P00164,93,45,2026-07-10
ST013,P00052,115,20,2026-07-10
ST013,P00019,256,34,2026-07-10
ST013,P00153,218,39,2026-07-10
ST013,P00071,14,38,2026-07-10
ST013,P00184,276,27,2026-07-10
ST013,P00074,287,48,2026-07-10
ST014,P00241,282,16,2026-07-10
ST014,P00231,253,31,2026-07-10
ST014,P00184,85,20,2026-07-10
ST014,P00046,3,14,2026-07-10
ST014,P00096,243,37,2026-07-10
ST014,P00198,245,43,2026-07-10
ST014,P00210,177,38,2026-07-10
ST014,P00064,131,33,2026-07-10
ST014,P00137,190,17,2026-07-10
ST014,P00089,87,14,2026-07-10
ST014,P00297,48,15,2026-07-10
ST014,P00059,127,26,2026-07-10
ST014,P00244,60,26,2026-07-10
ST014,P00270,4,16,2026-07-10
ST014,P00109,163,39,2026-07-10
ST014,P00214,56,16,2026-07-10
ST014,P00055,240,47,2026-07-10
ST014,P00264,115,44,2026-07-10
ST014,P00009,35,11,2026-07-10
ST014,P00161,145,13,2026-07-10
ST014,P00086,126,23,2026-07-10
ST014,P00133,264,45,2026-07-10
ST014,P00073,57,28,2026-07-10
ST014,P00008,31,18,2026-07-10
ST014,P00269,152,18,2026-07-10
ST014,P00053,114,30,2026-07-10
ST014,P00238,77,12,2026-07-10
ST014,P00290,18,46,2026-07-10
ST014,P00168,207,18,2026-07-10
ST014,P00070,52,46,2026-07-10
ST014,P00203,61,27,2026-07-10
ST014,P00078,212,15,2026-07-10
ST014,P00259,230,46,2026-07-10
ST014,P00186,104,34,2026-07-10
ST014,P00075,249,31,2026-07-10
ST014,P00124,54,28,2026-07-10
ST014,P00119,89,43,2026-07-10
ST014,P00194,266,33,2026-07-10
ST014,P00181,129,38,2026-07-10
ST014,P00162,36,39,2026-07-10
ST014,P00232,19,24,2026-07-10
ST014,P00041,66,18,2026-07-10
ST014,P00218,238,28,2026-07-10
ST014,P00125,131,18,2026-07-10
ST014,P00014,107,37,2026-07-10
ST014,P00051,3,43,2026-07-10
ST014,P00195,212,50,2026-07-10
ST014,P00107,112,41,2026-07-10
ST014,P00094,170,32,2026-07-10
ST014,P00134,111,45,2026-07-10
ST014,P00093,178,31,2026-07-10
ST014,P00060,110,49,2026-07-10
ST014,P00173,97,20,2026-07-10
ST014,P00027,3,12,2026-07-10
ST014,P00121,230,17,2026-07-10
ST014,P00103,126,19,2026-07-10
ST014,P00187,204,15,2026-07-10
ST014,P00283,87,33,2026-07-10
ST014,P00289,180,26,2026-07-10
ST014,P00278,117,11,2026-07-10
ST014,P00281,262,50,2026-07-10
ST014,P00207,44,13,2026-07-10
ST014,P00052,233,23,2026-07-10
ST014,P00285,299,24,2026-07-10
ST014,P00091,133,45,2026-07-10
ST014,P00229,290,26,2026-07-10
ST014,P00084,251,39,2026-07-10
ST014,P00225,191,40,2026-07-10
ST014,P00087,259,28,2026-07-10
ST014,P00240,226,42,2026-07-10
ST014,P00054,87,44,2026-07-10
ST014,P00024,253,26,2026-07-10
ST014,P00228,37,49,2026-07-10
ST014,P00061,219,20,2026-07-10
ST014,P00284,216,16,2026-07-10
ST014,P00143,184,34,2026-07-10
ST014,P00113,70,33,2026-07-10
ST014,P00222,256,47,2026-07-10
ST014,P00169,25,44,2026-07-10
ST014,P00190,281,15,2026-07-10
ST014,P00129,227,13,2026-07-10
ST014,P00099,47,42,2026-07-10
ST014,P00217,223,46,2026-07-10
ST014,P00268,49,23,2026-07-10
ST014,P00118,186,46,2026-07-10
ST014,P00082,53,41,2026-07-10
ST014,P00249,38,23,2026-07-10
ST014,P00092,57,47,2026-07-10
ST014,P00033,284,31,2026-07-10
ST014,P00239,160,20,2026-07-10
ST014,P00105,293,12,2026-07-10
ST014,P00127,114,24,2026-07-10
ST014,P00272,84,49,2026-07-10
ST014,P00188,147,42,2026-07-10
ST014,P00020,139,12,2026-07-10
ST014,P00221,251,25,2026-07-10
ST014,P00223,47,29,2026-07-10
ST014,P00248,286,42,2026-07-10
ST014,P00263,201,35,2026-07-10
ST014,P00174,48,25,2026-07-10
ST015,P00158,92,17,2026-07-10
ST015,P00097,76,21,2026-07-10
ST015,P00286,246,26,2026-07-10
ST015,P00088,87,45,2026-07-10
ST015,P00255,28,29,2026-07-10
ST015,P00119,10,17,2026-07-10
ST015,P00067,118,50,2026-07-10
ST015,P00250,142,14,2026-07-10
ST015,P00249,259,21,2026-07-10
ST015,P00117,74,31,2026-07-10
ST015,P00269,281,28,2026-07-10
ST015,P00071,212,46,2026-07-10
ST015,P00291,59,42,2026-07-10
ST015,P00033,100,50,2026-07-10
ST015,P00243,170,15,2026-07-10
ST015,P00074,260,14,2026-07-10
ST015,P00026,240,22,2026-07-10
ST015,P00166,224,23,2026-07-10
ST015,P00210,200,16,2026-07-10
ST015,P00060,47,50,2026-07-10
ST015,P00149,119,21,2026-07-10
ST015,P00173,142,39,2026-07-10
ST015,P00300,280,13,2026-07-10
ST015,P00065,243,45,2026-07-10
ST015,P00108,68,16,2026-07-10
ST015,P00053,228,47,2026-07-10
ST015,P00206,2,14,2026-07-10
ST015,P00063,90,24,2026-07-10
ST015,P00055,7,49,2026-07-10
ST015,P00139,184,22,2026-07-10
ST015,P00186,179,33,2026-07-10
ST015,P00058,167,35,2026-07-10
ST015,P00069,116,46,2026-07-10
ST015,P00213,291,42,2026-07-10
ST015,P00059,74,35,2026-07-10
ST015,P00096,221,10,2026-07-10
ST015,P00287,256,37,2026-07-10
ST015,P00112,181,45,2026-07-10
ST015,P00046,65,22,2026-07-10
ST015,P00134,202,16,2026-07-10
ST015,P00293,103,19,2026-07-10
ST015,P00280,262,43,2026-07-10
ST015,P00276,235,33,2026-07-10
ST015,P00075,164,36,2026-07-10
ST015,P00101,131,38,2026-07-10
ST015,P00042,71,11,2026-07-10
ST015,P00292,184,26,2026-07-10
ST015,P00133,75,32,2026-07-10
ST015,P00254,142,19,2026-07-10
ST015,P00208,45,36,2026-07-10
ST015,P00057,0,43,2026-07-10
ST015,P00004,183,46,2026-07-10
ST015,P00050,6,41,2026-07-10
ST015,P00247,152,34,2026-07-10
ST015,P00125,218,46,2026-07-10
ST015,P00240,178,46,2026-07-10
ST015,P00044,22,40,2026-07-10
ST015,P00021,54,27,2026-07-10
ST015,P00246,256,45,2026-07-10
ST015,P00072,294,50,2026-07-10
ST015,P00238,287,15,2026-07-10
ST015,P00148,172,26,2026-07-10
ST015,P00023,300,26,2026-07-10
ST015,P00007,103,33,2026-07-10
ST015,P00268,76,39,2026-07-10
ST015,P00109,109,10,2026-07-10
ST015,P00137,240,26,2026-07-10
ST015,P00288,204,18,2026-07-10
ST015,P00038,191,42,2026-07-10
ST015,P00194,252,29,2026-07-10
ST015,P00230,58,34,2026-07-10
ST015,P00226,112,32,2026-07-10
ST015,P00212,4,26,2026-07-10
ST015,P00156,179,12,2026-07-10
ST015,P00201,44,37,2026-07-10
ST015,P00260,79,49,2026-07-10
ST015,P00103,145,28,2026-07-10
ST015,P00052,44,31,2026-07-10
ST015,P00080,144,29,2026-07-10
ST015,P00115,198,26,2026-07-10
ST015,P00275,116,45,2026-07-10
ST015,P00135,80,42,2026-07-10
ST015,P00199,248,45,2026-07-10
ST015,P00180,239,18,2026-07-10
ST015,P00014,156,18,2026-07-10
ST015,P00170,187,41,2026-07-10
ST015,P00022,70,24,2026-07-10
ST015,P00056,51,31,2026-07-10
ST015,P00261,218,37,2026-07-10
ST015,P00185,138,43,2026-07-10
ST015,P00296,2,43,2026-07-10
ST015,P00171,225,47,2026-07-10
ST015,P00132,205,35,2026-07-10
ST015,P00083,246,22,2026-07-10
ST015,P00105,151,25,2026-07-10
ST015,P00027,79,25,2026-07-10
ST015,P00187,33,41,2026-07-10
ST015,P00258,47,43,2026-07-10
ST015,P00106,130,48,2026-07-10
ST015,P00239,111,11,2026-07-10
ST016,P00015,44,40,2026-07-10
ST016,P00177,199,47,2026-07-10
ST016,P00088,176,18,2026-07-10
ST016,P00300,101,24,2026-07-10
ST016,P00158,97,18,2026-07-10
ST016,P00071,41,40,2026-07-10
ST016,P00067,254,19,2026-07-10
ST016,P00141,191,46,2026-07-10
ST016,P00040,97,16,2026-07-10
ST016,P00170,34,22,2026-07-10
ST016,P00273,244,41,2026-07-10
ST016,P00294,204,29,2026-07-10
ST016,P00223,215,40,2026-07-10
ST016,P00049,154,40,2026-07-10
ST016,P00004,115,44,2026-07-10
ST016,P00266,21,26,2026-07-10
ST016,P00191,240,23,2026-07-10
ST016,P00278,172,35,2026-07-10
ST016,P00248,127,26,2026-07-10
ST016,P00041,76,50,2026-07-10
ST016,P00116,286,16,2026-07-10
ST016,P00251,49,17,2026-07-10
ST016,P00077,117,45,2026-07-10
ST016,P00283,280,22,2026-07-10
ST016,P00105,256,25,2026-07-10
ST016,P00007,36,48,2026-07-10
ST016,P00297,245,40,2026-07-10
ST016,P00230,103,21,2026-07-10
ST016,P00194,22,50,2026-07-10
ST016,P00072,37,29,2026-07-10
ST016,P00020,200,15,2026-07-10
ST016,P00263,89,47,2026-07-10
ST016,P00039,56,44,2026-07-10
ST016,P00076,89,17,2026-07-10
ST016,P00115,287,17,2026-07-10
ST016,P00060,159,43,2026-07-10
ST016,P00074,283,47,2026-07-10
ST016,P00166,118,39,2026-07-10
ST016,P00035,208,50,2026-07-10
ST016,P00033,194,17,2026-07-10
ST016,P00145,149,16,2026-07-10
ST016,P00090,115,24,2026-07-10
ST016,P00232,46,23,2026-07-10
ST016,P00155,119,38,2026-07-10
ST016,P00265,99,20,2026-07-10
ST016,P00107,257,31,2026-07-10
ST016,P00051,17,50,2026-07-10
ST016,P00264,182,50,2026-07-10
ST016,P00108,213,39,2026-07-10
ST016,P00134,31,12,2026-07-10
ST016,P00159,264,38,2026-07-10
ST016,P00205,15,26,2026-07-10
ST016,P00119,286,17,2026-07-10
ST016,P00293,201,15,2026-07-10
ST016,P00026,128,13,2026-07-10
ST016,P00183,191,19,2026-07-10
ST016,P00005,57,41,2026-07-10
ST016,P00131,111,45,2026-07-10
ST016,P00299,279,36,2026-07-10
ST016,P00127,78,21,2026-07-10
ST016,P00104,62,35,2026-07-10
ST016,P00063,92,28,2026-07-10
ST016,P00298,175,19,2026-07-10
ST016,P00054,260,35,2026-07-10
ST016,P00255,195,17,2026-07-10
ST016,P00225,26,14,2026-07-10
ST016,P00209,119,43,2026-07-10
ST016,P00137,26,34,2026-07-10
ST016,P00138,174,29,2026-07-10
ST016,P00270,10,45,2026-07-10
ST016,P00042,139,40,2026-07-10
ST016,P00193,220,41,2026-07-10
ST016,P00002,150,19,2026-07-10
ST016,P00017,116,37,2026-07-10
ST016,P00012,254,44,2026-07-10
ST016,P00160,76,40,2026-07-10
ST016,P00237,200,12,2026-07-10
ST016,P00289,262,50,2026-07-10
ST016,P00102,64,43,2026-07-10
ST016,P00192,197,22,2026-07-10
ST016,P00269,261,37,2026-07-10
ST016,P00043,99,41,2026-07-10
ST016,P00241,155,30,2026-07-10
ST016,P00198,161,10,2026-07-10
ST016,P00250,9,46,2026-07-10
ST016,P00219,205,29,2026-07-10
ST016,P00276,112,42,2026-07-10
ST016,P00112,289,42,2026-07-10
ST016,P00197,17,40,2026-07-10
ST016,P00287,6,12,2026-07-10
ST016,P00029,248,41,2026-07-10
ST016,P00146,189,13,2026-07-10
ST016,P00246,223,28,2026-07-10
ST016,P00288,289,27,2026-07-10
ST016,P00284,130,19,2026-07-10
ST016,P00027,83,20,2026-07-10
ST016,P00207,269,43,2026-07-10
ST016,P00220,300,35,2026-07-10
ST016,P00275,120,42,2026-07-10
ST016,P00233,11,45,2026-07-10
ST017,P00058,252,24,2026-07-10
ST017,P00206,145,32,2026-07-10
ST017,P00134,235,11,2026-07-10
ST017,P00209,64,12,2026-07-10
ST017,P00007,31,32,2026-07-10
ST017,P00261,34,36,2026-07-10
ST017,P00157,11,11,2026-07-10
ST017,P00196,74,42,2026-07-10
ST017,P00087,123,17,2026-07-10
ST017,P00089,96,28,2026-07-10
ST017,P00234,244,10,2026-07-10
ST017,P00032,51,15,2026-07-10
ST017,P00028,212,50,2026-07-10
ST017,P00017,89,40,2026-07-10
ST017,P00170,230,20,2026-07-10
ST017,P00252,230,29,2026-07-10
ST017,P00215,149,28,2026-07-10
ST017,P00161,242,45,2026-07-10
ST017,P00284,40,19,2026-07-10
ST017,P00224,34,35,2026-07-10
ST017,P00240,13,29,2026-07-10
ST017,P00259,138,39,2026-07-10
ST017,P00152,197,28,2026-07-10
ST017,P00291,31,13,2026-07-10
ST017,P00024,213,46,2026-07-10
ST017,P00282,296,29,2026-07-10
ST017,P00093,13,23,2026-07-10
ST017,P00126,123,20,2026-07-10
ST017,P00195,280,27,2026-07-10
ST017,P00097,166,35,2026-07-10
ST017,P00232,153,16,2026-07-10
ST017,P00178,145,17,2026-07-10
ST017,P00286,49,14,2026-07-10
ST017,P00272,195,21,2026-07-10
ST017,P00191,186,34,2026-07-10
ST017,P00264,263,23,2026-07-10
ST017,P00034,298,16,2026-07-10
ST017,P00135,153,13,2026-07-10
ST017,P00149,250,17,2026-07-10
ST017,P00158,224,32,2026-07-10
ST017,P00227,48,31,2026-07-10
ST017,P00279,94,31,2026-07-10
ST017,P00275,77,48,2026-07-10
ST017,P00082,240,41,2026-07-10
ST017,P00229,170,50,2026-07-10
ST017,P00140,190,37,2026-07-10
ST017,P00120,111,13,2026-07-10
ST017,P00233,266,34,2026-07-10
ST017,P00185,287,36,2026-07-10
ST017,P00218,232,39,2026-07-10
ST017,P00292,27,41,2026-07-10
ST017,P00022,134,36,2026-07-10
ST017,P00048,138,12,2026-07-10
ST017,P00168,55,37,2026-07-10
ST017,P00290,257,48,2026-07-10
ST017,P00016,203,22,2026-07-10
ST017,P00112,286,19,2026-07-10
ST017,P00203,274,27,2026-07-10
ST017,P00110,241,40,2026-07-10
ST017,P00101,243,17,2026-07-10
ST017,P00269,99,15,2026-07-10
ST017,P00066,6,29,2026-07-10
ST017,P00064,130,32,2026-07-10
ST017,P00056,6,37,2026-07-10
ST017,P00052,74,32,2026-07-10
ST017,P00183,206,36,2026-07-10
ST017,P00069,287,28,2026-07-10
ST017,P00042,78,25,2026-07-10
ST017,P00121,239,40,2026-07-10
ST017,P00073,190,26,2026-07-10
ST017,P00231,264,24,2026-07-10
ST017,P00001,178,25,2026-07-10
ST017,P00075,148,10,2026-07-10
ST017,P00193,79,25,2026-07-10
ST017,P00124,163,44,2026-07-10
ST017,P00084,289,19,2026-07-10
ST017,P00220,81,23,2026-07-10
ST017,P00086,83,12,2026-07-10
ST017,P00061,76,12,2026-07-10
ST017,P00018,171,18,2026-07-10
ST017,P00246,133,14,2026-07-10
ST017,P00179,82,48,2026-07-10
ST017,P00154,192,24,2026-07-10
ST017,P00165,152,11,2026-07-10
ST017,P00071,64,21,2026-07-10
ST017,P00197,39,31,2026-07-10
ST017,P00255,282,38,2026-07-10
ST017,P00096,32,10,2026-07-10
ST017,P00040,155,41,2026-07-10
ST017,P00041,120,33,2026-07-10
ST017,P00129,77,21,2026-07-10
ST017,P00192,199,13,2026-07-10
ST017,P00205,283,45,2026-07-10
ST017,P00114,139,42,2026-07-10
ST017,P00067,165,46,2026-07-10
ST017,P00156,140,27,2026-07-10
ST017,P00283,280,48,2026-07-10
ST017,P00051,208,31,2026-07-10
ST017,P00081,139,34,2026-07-10
ST017,P00254,151,41,2026-07-10
ST018,P00024,89,26,2026-07-10
ST018,P00070,49,42,2026-07-10
ST018,P00299,210,22,2026-07-10
ST018,P00083,209,37,2026-07-10
ST018,P00235,140,45,2026-07-10
ST018,P00013,6,37,2026-07-10
ST018,P00078,3,10,2026-07-10
ST018,P00125,215,47,2026-07-10
ST018,P00295,88,50,2026-07-10
ST018,P00059,147,26,2026-07-10
ST018,P00300,27,31,2026-07-10
ST018,P00071,237,41,2026-07-10
ST018,P00230,38,25,2026-07-10
ST018,P00151,45,33,2026-07-10
ST018,P00103,283,34,2026-07-10
ST018,P00084,82,17,2026-07-10
ST018,P00246,189,32,2026-07-10
ST018,P00276,95,15,2026-07-10
ST018,P00039,161,14,2026-07-10
ST018,P00038,151,42,2026-07-10
ST018,P00242,226,21,2026-07-10
ST018,P00252,277,40,2026-07-10
ST018,P00030,178,48,2026-07-10
ST018,P00056,55,14,2026-07-10
ST018,P00127,268,20,2026-07-10
ST018,P00007,240,21,2026-07-10
ST018,P00282,226,26,2026-07-10
ST018,P00297,191,26,2026-07-10
ST018,P00051,176,44,2026-07-10
ST018,P00053,274,44,2026-07-10
ST018,P00162,279,23,2026-07-10
ST018,P00128,206,34,2026-07-10
ST018,P00043,130,34,2026-07-10
ST018,P00052,20,26,2026-07-10
ST018,P00143,172,39,2026-07-10
ST018,P00251,264,21,2026-07-10
ST018,P00004,162,18,2026-07-10
ST018,P00020,245,49,2026-07-10
ST018,P00016,43,14,2026-07-10
ST018,P00264,40,17,2026-07-10
ST018,P00025,55,22,2026-07-10
ST018,P00129,155,12,2026-07-10
ST018,P00014,286,36,2026-07-10
ST018,P00171,106,39,2026-07-10
ST018,P00270,180,37,2026-07-10
ST018,P00008,63,38,2026-07-10
ST018,P00009,47,20,2026-07-10
ST018,P00232,154,31,2026-07-10
ST018,P00288,81,12,2026-07-10
ST018,P00124,148,47,2026-07-10
ST018,P00001,181,35,2026-07-10
ST018,P00218,115,33,2026-07-10
ST018,P00045,238,23,2026-07-10
ST018,P00049,130,43,2026-07-10
ST018,P00249,193,16,2026-07-10
ST018,P00099,231,26,2026-07-10
ST018,P00037,155,48,2026-07-10
ST018,P00244,205,42,2026-07-10
ST018,P00219,258,38,2026-07-10
ST018,P00240,271,28,2026-07-10
ST018,P00265,231,50,2026-07-10
ST018,P00123,36,25,2026-07-10
ST018,P00135,141,43,2026-07-10
ST018,P00172,233,36,2026-07-10
ST018,P00132,83,25,2026-07-10
ST018,P00080,198,28,2026-07-10
ST018,P00203,223,11,2026-07-10
ST018,P00214,277,15,2026-07-10
ST018,P00089,142,33,2026-07-10
ST018,P00140,150,18,2026-07-10
ST018,P00155,290,18,2026-07-10
ST018,P00160,2,34,2026-07-10
ST018,P00204,146,13,2026-07-10
ST018,P00189,83,27,2026-07-10
ST018,P00186,224,13,2026-07-10
ST018,P00187,232,27,2026-07-10
ST018,P00090,63,11,2026-07-10
ST018,P00269,19,43,2026-07-10
ST018,P00284,203,14,2026-07-10
ST018,P00247,258,37,2026-07-10
ST018,P00096,191,47,2026-07-10
ST018,P00100,233,19,2026-07-10
ST018,P00069,133,17,2026-07-10
ST018,P00086,292,44,2026-07-10
ST018,P00032,282,26,2026-07-10
ST018,P00183,168,30,2026-07-10
ST018,P00175,39,14,2026-07-10
ST018,P00222,298,25,2026-07-10
ST018,P00248,85,28,2026-07-10
ST018,P00245,147,48,2026-07-10
ST018,P00198,8,25,2026-07-10
ST018,P00076,225,29,2026-07-10
ST018,P00146,270,19,2026-07-10
ST018,P00217,90,46,2026-07-10
ST018,P00119,157,14,2026-07-10
ST018,P00108,237,13,2026-07-10
ST018,P00109,300,47,2026-07-10
ST018,P00012,297,34,2026-07-10
ST018,P00033,28,33,2026-07-10
ST018,P00131,233,16,2026-07-10
ST019,P00260,16,13,2026-07-10
ST019,P00211,111,19,2026-07-10
ST019,P00278,92,14,2026-07-10
ST019,P00025,236,47,2026-07-10
ST019,P00218,161,44,2026-07-10
ST019,P00007,64,18,2026-07-10
ST019,P00010,183,25,2026-07-10
ST019,P00079,210,10,2026-07-10
ST019,P00126,52,44,2026-07-10
ST019,P00263,196,23,2026-07-10
ST019,P00028,256,45,2026-07-10
ST019,P00039,120,10,2026-07-10
ST019,P00018,0,46,2026-07-10
ST019,P00117,233,11,2026-07-10
ST019,P00113,129,29,2026-07-10
ST019,P00038,187,26,2026-07-10
ST019,P00259,100,10,2026-07-10
ST019,P00233,62,20,2026-07-10
ST019,P00247,49,15,2026-07-10
ST019,P00161,130,50,2026-07-10
ST019,P00032,61,37,2026-07-10
ST019,P00163,5,10,2026-07-10
ST019,P00132,130,16,2026-07-10
ST019,P00285,221,12,2026-07-10
ST019,P00124,255,33,2026-07-10
ST019,P00228,159,49,2026-07-10
ST019,P00262,137,11,2026-07-10
ST019,P00084,251,18,2026-07-10
ST019,P00239,117,45,2026-07-10
ST019,P00279,262,19,2026-07-10
ST019,P00234,259,47,2026-07-10
ST019,P00282,279,46,2026-07-10
ST019,P00135,267,46,2026-07-10
ST019,P00242,143,44,2026-07-10
ST019,P00093,110,10,2026-07-10
ST019,P00024,158,18,2026-07-10
ST019,P00185,41,34,2026-07-10
ST019,P00015,8,50,2026-07-10
ST019,P00064,230,34,2026-07-10
ST019,P00196,296,11,2026-07-10
ST019,P00248,70,35,2026-07-10
ST019,P00174,254,28,2026-07-10
ST019,P00096,40,44,2026-07-10
ST019,P00236,38,41,2026-07-10
ST019,P00034,216,48,2026-07-10
ST019,P00179,102,44,2026-07-10
ST019,P00181,166,38,2026-07-10
ST019,P00005,288,27,2026-07-10
ST019,P00249,115,29,2026-07-10
ST019,P00046,226,25,2026-07-10
ST019,P00276,189,38,2026-07-10
ST019,P00105,274,15,2026-07-10
ST019,P00297,254,27,2026-07-10
ST019,P00139,124,10,2026-07-10
ST019,P00203,225,12,2026-07-10
ST019,P00200,101,28,2026-07-10
ST019,P00036,108,32,2026-07-10
ST019,P00298,7,30,2026-07-10
ST019,P00148,228,20,2026-07-10
ST019,P00171,15,32,2026-07-10
ST019,P00061,163,34,2026-07-10
ST019,P00243,201,30,2026-07-10
ST019,P00111,271,49,2026-07-10
ST019,P00058,161,24,2026-07-10
ST019,P00030,5,17,2026-07-10
ST019,P00137,124,35,2026-07-10
ST019,P00155,198,30,2026-07-10
ST019,P00169,291,24,2026-07-10
ST019,P00238,58,22,2026-07-10
ST019,P00001,294,43,2026-07-10
ST019,P00017,23,10,2026-07-10
ST019,P00074,241,14,2026-07-10
ST019,P00048,196,45,2026-07-10
ST019,P00201,53,30,2026-07-10
ST019,P00271,72,30,2026-07-10
ST019,P00106,16,27,2026-07-10
ST019,P00192,278,14,2026-07-10
ST019,P00071,287,26,2026-07-10
ST019,P00043,290,27,2026-07-10
ST019,P00208,277,37,2026-07-10
ST019,P00240,44,47,2026-07-10
ST019,P00145,253,13,2026-07-10
ST019,P00098,27,44,2026-07-10
ST019,P00223,121,10,2026-07-10
ST019,P00220,112,14,2026-07-10
ST019,P00125,24,17,2026-07-10
ST019,P00077,87,47,2026-07-10
ST019,P00143,36,44,2026-07-10
ST019,P00086,96,42,2026-07-10
ST019,P00127,287,47,2026-07-10
ST019,P00147,183,17,2026-07-10
ST019,P00193,237,31,2026-07-10
ST019,P00008,99,25,2026-07-10
ST019,P00051,219,38,2026-07-10
ST019,P00162,185,22,2026-07-10
ST019,P00072,190,26,2026-07-10
ST019,P00102,24,26,2026-07-10
ST019,P00270,282,24,2026-07-10
ST019,P00286,26,36,2026-07-10
ST019,P00205,153,41,2026-07-10
ST020,P00173,193,21,2026-07-10
ST020,P00295,89,31,2026-07-10
ST020,P00151,228,18,2026-07-10
ST020,P00019,136,27,2026-07-10
ST020,P00186,254,46,2026-07-10
ST020,P00209,73,34,2026-07-10
ST020,P00136,69,11,2026-07-10
ST020,P00017,59,27,2026-07-10
ST020,P00007,57,24,2026-07-10
ST020,P00225,31,47,2026-07-10
ST020,P00130,61,23,2026-07-10
ST020,P00221,245,13,2026-07-10
ST020,P00236,76,31,2026-07-10
ST020,P00096,266,12,2026-07-10
ST020,P00241,222,48,2026-07-10
ST020,P00238,117,35,2026-07-10
ST020,P00056,28,27,2026-07-10
ST020,P00004,292,32,2026-07-10
ST020,P00086,281,38,2026-07-10
ST020,P00029,158,50,2026-07-10
ST020,P00254,107,46,2026-07-10
ST020,P00094,298,47,2026-07-10
ST020,P00090,57,33,2026-07-10
ST020,P00258,80,43,2026-07-10
ST020,P00199,47,16,2026-07-10
ST020,P00183,179,45,2026-07-10
ST020,P00194,274,47,2026-07-10
ST020,P00195,145,44,2026-07-10
ST020,P00008,260,48,2026-07-10
ST020,P00253,2,40,2026-07-10
ST020,P00039,225,44,2026-07-10
ST020,P00131,2,48,2026-07-10
ST020,P00057,200,42,2026-07-10
ST020,P00265,202,20,2026-07-10
ST020,P00054,170,15,2026-07-10
ST020,P00176,37,35,2026-07-10
ST020,P00276,127,36,2026-07-10
ST020,P00273,111,32,2026-07-10
ST020,P00294,137,40,2026-07-10
ST020,P00149,172,18,2026-07-10
ST020,P00058,205,12,2026-07-10
ST020,P00191,80,19,2026-07-10
ST020,P00222,38,10,2026-07-10
ST020,P00002,80,47,2026-07-10
ST020,P00072,235,50,2026-07-10
ST020,P00064,36,11,2026-07-10
ST020,P00270,27,33,2026-07-10
ST020,P00164,106,49,2026-07-10
ST020,P00092,283,29,2026-07-10
ST020,P00055,50,39,2026-07-10
ST020,P00240,181,39,2026-07-10
ST020,P00038,51,18,2026-07-10
ST020,P00102,101,18,2026-07-10
ST020,P00107,241,46,2026-07-10
ST020,P00045,174,40,2026-07-10
ST020,P00177,121,17,2026-07-10
ST020,P00103,170,30,2026-07-10
ST020,P00171,221,44,2026-07-10
ST020,P00124,263,39,2026-07-10
ST020,P00059,258,12,2026-07-10
ST020,P00013,288,43,2026-07-10
ST020,P00098,191,47,2026-07-10
ST020,P00099,272,37,2026-07-10
ST020,P00262,114,23,2026-07-10
ST020,P00247,68,25,2026-07-10
ST020,P00114,247,10,2026-07-10
ST020,P00184,154,26,2026-07-10
ST020,P00074,59,15,2026-07-10
ST020,P00037,191,46,2026-07-10
ST020,P00213,34,28,2026-07-10
ST020,P00005,265,21,2026-07-10
ST020,P00154,12,50,2026-07-10
ST020,P00018,137,30,2026-07-10
ST020,P00044,66,13,2026-07-10
ST020,P00283,287,24,2026-07-10
ST020,P00121,234,23,2026-07-10
ST020,P00255,156,10,2026-07-10
ST020,P00172,80,12,2026-07-10
ST020,P00135,165,43,2026-07-10
ST020,P00216,52,13,2026-07-10
ST020,P00179,51,23,2026-07-10
ST020,P00065,192,42,2026-07-10
ST020,P00142,176,19,2026-07-10
ST020,P00128,236,29,2026-07-10
ST020,P00112,69,37,2026-07-10
ST020,P00275,47,36,2026-07-10
ST020,P00012,5,16,2026-07-10
ST020,P00010,283,13,2026-07-10
ST020,P00180,10,49,2026-07-10
ST020,P00117,111,37,2026-07-10
ST020,P00200,151,13,2026-07-10
ST020,P00187,108,38,2026-07-10
ST020,P00148,52,35,2026-07-10
ST020,P00079,55,17,2026-07-10
ST020,P00169,290,44,2026-07-10
ST020,P00014,119,32,2026-07-10
ST020,P00207,274,42,2026-07-10
ST020,P00243,120,27,2026-07-10
ST020,P00250,20,32,2026-07-10
ST020,P00125,167,40,2026-07-10
ST021,P00202,21,48,2026-07-10
ST021,P00249,198,33,2026-07-10
ST021,P00095,297,25,2026-07-10
ST021,P00104,65,28,2026-07-10
ST021,P00067,167,13,2026-07-10
ST021,P00236,264,49,2026-07-10
ST021,P00115,261,22,2026-07-10
ST021,P00141,60,25,2026-07-10
ST021,P00201,271,13,2026-07-10
ST021,P00246,119,47,2026-07-10
ST021,P00292,300,21,2026-07-10
ST021,P00135,136,42,2026-07-10
ST021,P00128,91,49,2026-07-10
ST021,P00092,44,46,2026-07-10
ST021,P00145,94,39,2026-07-10
ST021,P00137,264,31,2026-07-10
ST021,P00173,144,46,2026-07-10
ST021,P00164,6,17,2026-07-10
ST021,P00291,297,48,2026-07-10
ST021,P00049,231,15,2026-07-10
ST021,P00186,9,18,2026-07-10
ST021,P00284,32,45,2026-07-10
ST021,P00062,187,17,2026-07-10
ST021,P00166,203,29,2026-07-10
ST021,P00290,115,33,2026-07-10
ST021,P00241,248,32,2026-07-10
ST021,P00256,256,45,2026-07-10
ST021,P00014,172,45,2026-07-10
ST021,P00213,279,35,2026-07-10
ST021,P00131,250,12,2026-07-10
ST021,P00045,192,48,2026-07-10
ST021,P00253,200,31,2026-07-10
ST021,P00143,97,13,2026-07-10
ST021,P00110,69,43,2026-07-10
ST021,P00267,295,42,2026-07-10
ST021,P00219,84,22,2026-07-10
ST021,P00069,186,11,2026-07-10
ST021,P00155,164,10,2026-07-10
ST021,P00172,285,40,2026-07-10
ST021,P00124,18,25,2026-07-10
ST021,P00191,13,24,2026-07-10
ST021,P00268,113,40,2026-07-10
ST021,P00146,114,23,2026-07-10
ST021,P00103,198,24,2026-07-10
ST021,P00220,85,47,2026-07-10
ST021,P00109,242,27,2026-07-10
ST021,P00152,292,32,2026-07-10
ST021,P00149,196,47,2026-07-10
ST021,P00030,112,46,2026-07-10
ST021,P00192,105,49,2026-07-10
ST021,P00090,56,11,2026-07-10
ST021,P00232,8,39,2026-07-10
ST021,P00234,99,36,2026-07-10
ST021,P00035,266,20,2026-07-10
ST021,P00138,154,21,2026-07-10
ST021,P00255,125,32,2026-07-10
ST021,P00264,58,42,2026-07-10
ST021,P00051,243,31,2026-07-10
ST021,P00257,270,32,2026-07-10
ST021,P00075,160,16,2026-07-10
ST021,P00237,299,44,2026-07-10
ST021,P00066,213,28,2026-07-10
ST021,P00163,33,48,2026-07-10
ST021,P00231,35,43,2026-07-10
ST021,P00209,254,32,2026-07-10
ST021,P00052,296,33,2026-07-10
ST021,P00025,107,28,2026-07-10
ST021,P00144,174,45,2026-07-10
ST021,P00296,53,42,2026-07-10
ST021,P00272,285,25,2026-07-10
ST021,P00140,129,49,2026-07-10
ST021,P00224,137,31,2026-07-10
ST021,P00160,10,50,2026-07-10
ST021,P00008,288,48,2026-07-10
ST021,P00021,191,13,2026-07-10
ST021,P00242,256,14,2026-07-10
ST021,P00297,178,45,2026-07-10
ST021,P00112,175,48,2026-07-10
ST021,P00116,33,39,2026-07-10
ST021,P00161,244,32,2026-07-10
ST021,P00099,153,25,2026-07-10
ST021,P00121,242,36,2026-07-10
ST021,P00076,111,45,2026-07-10
ST021,P00263,287,46,2026-07-10
ST021,P00072,101,33,2026-07-10
ST021,P00221,37,10,2026-07-10
ST021,P00153,69,22,2026-07-10
ST021,P00176,186,12,2026-07-10
ST021,P00151,269,29,2026-07-10
ST021,P00088,202,24,2026-07-10
ST021,P00190,35,39,2026-07-10
ST021,P00107,238,34,2026-07-10
ST021,P00012,88,46,2026-07-10
ST021,P00034,51,30,2026-07-10
ST021,P00278,292,14,2026-07-10
ST021,P00198,172,18,2026-07-10
ST021,P00159,272,34,2026-07-10
ST021,P00205,124,17,2026-07-10
ST021,P00080,27,25,2026-07-10
ST021,P00178,276,26,2026-07-10
ST022,P00020,201,48,2026-07-10
ST022,P00098,4,10,2026-07-10
ST022,P00133,271,46,2026-07-10
ST022,P00029,153,13,2026-07-10
ST022,P00081,51,15,2026-07-10
ST022,P00267,202,17,2026-07-10
ST022,P00036,210,13,2026-07-10
ST022,P00070,254,39,2026-07-10
ST022,P00118,204,27,2026-07-10
ST022,P00145,4,17,2026-07-10
ST022,P00105,232,20,2026-07-10
ST022,P00153,76,13,2026-07-10
ST022,P00061,264,37,2026-07-10
ST022,P00152,232,47,2026-07-10
ST022,P00086,63,12,2026-07-10
ST022,P00136,254,17,2026-07-10
ST022,P00196,73,18,2026-07-10
ST022,P00292,275,39,2026-07-10
ST022,P00194,263,28,2026-07-10
ST022,P00205,190,36,2026-07-10
ST022,P00270,282,22,2026-07-10
ST022,P00177,290,30,2026-07-10
ST022,P00082,42,39,2026-07-10
ST022,P00191,239,33,2026-07-10
ST022,P00003,66,29,2026-07-10
ST022,P00047,93,25,2026-07-10
ST022,P00049,258,22,2026-07-10
ST022,P00151,93,14,2026-07-10
ST022,P00172,204,45,2026-07-10
ST022,P00039,233,26,2026-07-10
ST022,P00276,274,25,2026-07-10
ST022,P00221,263,39,2026-07-10
ST022,P00063,119,16,2026-07-10
ST022,P00182,227,10,2026-07-10
ST022,P00294,196,10,2026-07-10
ST022,P00286,36,40,2026-07-10
ST022,P00211,39,23,2026-07-10
ST022,P00171,155,24,2026-07-10
ST022,P00077,298,10,2026-07-10
ST022,P00181,39,30,2026-07-10
ST022,P00141,263,44,2026-07-10
ST022,P00094,235,28,2026-07-10
ST022,P00109,120,49,2026-07-10
ST022,P00244,141,46,2026-07-10
ST022,P00139,300,24,2026-07-10
ST022,P00130,41,11,2026-07-10
ST022,P00277,291,50,2026-07-10
ST022,P00265,287,13,2026-07-10
ST022,P00188,147,35,2026-07-10
ST022,P00008,96,50,2026-07-10
ST022,P00108,150,36,2026-07-10
ST022,P00126,109,38,2026-07-10
ST022,P00208,131,35,2026-07-10
ST022,P00289,202,19,2026-07-10
ST022,P00067,295,49,2026-07-10
ST022,P00042,186,16,2026-07-10
ST022,P00006,162,44,2026-07-10
ST022,P00011,285,41,2026-07-10
ST022,P00285,265,49,2026-07-10
ST022,P00245,91,21,2026-07-10
ST022,P00102,216,14,2026-07-10
ST022,P00014,45,35,2026-07-10
ST022,P00184,113,34,2026-07-10
ST022,P00114,84,26,2026-07-10
ST022,P00040,45,36,2026-07-10
ST022,P00027,275,49,2026-07-10
ST022,P00187,71,20,2026-07-10
ST022,P00296,132,49,2026-07-10
ST022,P00260,142,49,2026-07-10
ST022,P00264,111,13,2026-07-10
ST022,P00091,121,28,2026-07-10
ST022,P00190,240,24,2026-07-10
ST022,P00203,121,32,2026-07-10
ST022,P00199,157,44,2026-07-10
ST022,P00157,35,34,2026-07-10
ST022,P00154,236,39,2026-07-10
ST022,P00062,209,35,2026-07-10
ST022,P00143,124,30,2026-07-10
ST022,P00122,33,21,2026-07-10
ST022,P00243,293,16,2026-07-10
ST022,P00300,294,44,2026-07-10
ST022,P00213,42,43,2026-07-10
ST022,P00224,257,22,2026-07-10
ST022,P00104,67,24,2026-07-10
ST022,P00275,276,39,2026-07-10
ST022,P00202,156,38,2026-07-10
ST022,P00092,131,22,2026-07-10
ST022,P00033,130,17,2026-07-10
ST022,P00009,157,24,2026-07-10
ST022,P00028,157,21,2026-07-10
ST022,P00121,47,14,2026-07-10
ST022,P00111,180,35,2026-07-10
ST022,P00250,164,16,2026-07-10
ST022,P00007,259,12,2026-07-10
ST022,P00173,229,23,2026-07-10
ST022,P00247,216,39,2026-07-10
ST022,P00022,180,29,2026-07-10
ST022,P00215,173,49,2026-07-10
ST022,P00216,23,43,2026-07-10
ST022,P00212,167,44,2026-07-10
ST023,P00279,278,24,2026-07-10
ST023,P00167,215,25,2026-07-10
ST023,P00264,115,40,2026-07-10
ST023,P00273,174,31,2026-07-10
ST023,P00248,181,29,2026-07-10
ST023,P00177,175,42,2026-07-10
ST023,P00052,95,19,2026-07-10
ST023,P00122,123,47,2026-07-10
ST023,P00042,46,14,2026-07-10
ST023,P00196,56,13,2026-07-10
ST023,P00219,169,41,2026-07-10
ST023,P00192,266,12,2026-07-10
ST023,P00232,128,17,2026-07-10
ST023,P00085,1,45,2026-07-10
ST023,P00247,20,31,2026-07-10
ST023,P00003,78,31,2026-07-10
ST023,P00061,269,38,2026-07-10
ST023,P00034,35,42,2026-07-10
ST023,P00113,240,42,2026-07-10
ST023,P00045,26,48,2026-07-10
ST023,P00007,223,32,2026-07-10
ST023,P00162,69,13,2026-07-10
ST023,P00185,106,25,2026-07-10
ST023,P00198,150,41,2026-07-10
ST023,P00062,66,45,2026-07-10
ST023,P00054,277,30,2026-07-10
ST023,P00188,189,41,2026-07-10
ST023,P00070,287,23,2026-07-10
ST023,P00055,4,12,2026-07-10
ST023,P00126,134,16,2026-07-10
ST023,P00144,117,24,2026-07-10
ST023,P00227,265,28,2026-07-10
ST023,P00224,103,37,2026-07-10
ST023,P00285,243,28,2026-07-10
ST023,P00231,46,37,2026-07-10
ST023,P00171,213,36,2026-07-10
ST023,P00210,122,21,2026-07-10
ST023,P00005,204,42,2026-07-10
ST023,P00049,189,30,2026-07-10
ST023,P00243,272,17,2026-07-10
ST023,P00090,145,45,2026-07-10
ST023,P00109,280,10,2026-07-10
ST023,P00033,189,35,2026-07-10
ST023,P00172,237,31,2026-07-10
ST023,P00211,296,44,2026-07-10
ST023,P00077,205,20,2026-07-10
ST023,P00236,15,50,2026-07-10
ST023,P00127,86,19,2026-07-10
ST023,P00178,251,46,2026-07-10
ST023,P00228,72,46,2026-07-10
ST023,P00082,267,22,2026-07-10
ST023,P00197,250,36,2026-07-10
ST023,P00013,295,24,2026-07-10
ST023,P00251,184,16,2026-07-10
ST023,P00296,257,44,2026-07-10
ST023,P00218,258,24,2026-07-10
ST023,P00291,175,25,2026-07-10
ST023,P00023,218,23,2026-07-10
ST023,P00044,234,13,2026-07-10
ST023,P00123,190,22,2026-07-10
ST023,P00112,6,48,2026-07-10
ST023,P00141,13,43,2026-07-10
ST023,P00242,240,45,2026-07-10
ST023,P00060,189,11,2026-07-10
ST023,P00057,32,34,2026-07-10
ST023,P00233,177,44,2026-07-10
ST023,P00187,240,30,2026-07-10
ST023,P00092,55,21,2026-07-10
ST023,P00181,223,35,2026-07-10
ST023,P00159,250,28,2026-07-10
ST023,P00281,221,37,2026-07-10
ST023,P00223,169,19,2026-07-10
ST023,P00151,146,45,2026-07-10
ST023,P00283,32,14,2026-07-10
ST023,P00058,200,11,2026-07-10
ST023,P00116,34,29,2026-07-10
ST023,P00063,195,25,2026-07-10
ST023,P00026,71,14,2026-07-10
ST023,P00129,95,45,2026-07-10
ST023,P00043,44,45,2026-07-10
ST023,P00147,140,35,2026-07-10
ST023,P00024,167,43,2026-07-10
ST023,P00240,87,26,2026-07-10
ST023,P00174,232,25,2026-07-10
ST023,P00298,81,38,2026-07-10
ST023,P00237,256,22,2026-07-10
ST023,P00267,177,36,2026-07-10
ST023,P00089,36,19,2026-07-10
ST023,P00041,253,24,2026-07-10
ST023,P00235,130,28,2026-07-10
ST023,P00292,146,27,2026-07-10
ST023,P00067,36,17,2026-07-10
ST023,P00215,104,48,2026-07-10
ST023,P00274,18,38,2026-07-10
ST023,P00001,222,30,2026-07-10
ST023,P00258,35,36,2026-07-10
ST023,P00002,140,31,2026-07-10
ST023,P00131,42,48,2026-07-10
ST023,P00261,174,29,2026-07-10
ST023,P00183,284,50,2026-07-10
ST024,P00142,223,47,2026-07-10
ST024,P00037,40,14,2026-07-10
ST024,P00217,131,28,2026-07-10
ST024,P00118,138,28,2026-07-10
ST024,P00280,134,12,2026-07-10
ST024,P00047,261,44,2026-07-10
ST024,P00132,84,34,2026-07-10
ST024,P00184,159,38,2026-07-10
ST024,P00027,56,49,2026-07-10
ST024,P00251,125,35,2026-07-10
ST024,P00242,125,42,2026-07-10
ST024,P00019,273,24,2026-07-10
ST024,P00183,283,32,2026-07-10
ST024,P00030,25,21,2026-07-10
ST024,P00186,279,14,2026-07-10
ST024,P00088,256,19,2026-07-10
ST024,P00021,141,22,2026-07-10
ST024,P00136,139,23,2026-07-10
ST024,P00135,63,18,2026-07-10
ST024,P00102,221,10,2026-07-10
ST024,P00263,11,10,2026-07-10
ST024,P00276,70,14,2026-07-10
ST024,P00295,257,45,2026-07-10
ST024,P00159,192,27,2026-07-10
ST024,P00230,165,39,2026-07-10
ST024,P00194,232,45,2026-07-10
ST024,P00106,256,37,2026-07-10
ST024,P00062,117,39,2026-07-10
ST024,P00255,63,36,2026-07-10
ST024,P00147,132,37,2026-07-10
ST024,P00095,10,47,2026-07-10
ST024,P00177,257,15,2026-07-10
ST024,P00262,245,33,2026-07-10
ST024,P00087,91,28,2026-07-10
ST024,P00265,176,36,2026-07-10
ST024,P00096,163,39,2026-07-10
ST024,P00089,209,32,2026-07-10
ST024,P00291,196,29,2026-07-10
ST024,P00257,20,25,2026-07-10
ST024,P00059,143,38,2026-07-10
ST024,P00165,51,37,2026-07-10
ST024,P00161,165,34,2026-07-10
ST024,P00232,211,23,2026-07-10
ST024,P00252,158,10,2026-07-10
ST024,P00058,83,20,2026-07-10
ST024,P00080,140,13,2026-07-10
ST024,P00063,245,47,2026-07-10
ST024,P00283,103,27,2026-07-10
ST024,P00026,74,25,2026-07-10
ST024,P00281,217,12,2026-07-10
ST024,P00239,9,20,2026-07-10
ST024,P00219,66,40,2026-07-10
ST024,P00078,291,47,2026-07-10
ST024,P00086,273,50,2026-07-10
ST024,P00172,117,49,2026-07-10
ST024,P00024,233,42,2026-07-10
ST024,P00225,9,28,2026-07-10
ST024,P00151,191,36,2026-07-10
ST024,P00077,104,45,2026-07-10
ST024,P00007,79,24,2026-07-10
ST024,P00192,125,29,2026-07-10
ST024,P00231,242,41,2026-07-10
ST024,P00290,252,10,2026-07-10
ST024,P00155,124,29,2026-07-10
ST024,P00185,175,17,2026-07-10
ST024,P00057,213,33,2026-07-10
ST024,P00022,212,28,2026-07-10
ST024,P00166,70,39,2026-07-10
ST024,P00212,106,36,2026-07-10
ST024,P00250,127,27,2026-07-10
ST024,P00150,99,48,2026-07-10
ST024,P00206,56,30,2026-07-10
ST024,P00149,101,24,2026-07-10
ST024,P00197,25,25,2026-07-10
ST024,P00002,35,48,2026-07-10
ST024,P00134,57,15,2026-07-10
ST024,P00015,197,41,2026-07-10
ST024,P00050,58,15,2026-07-10
ST024,P00060,80,13,2026-07-10
ST024,P00045,285,37,2026-07-10
ST024,P00201,113,47,2026-07-10
ST024,P00198,71,16,2026-07-10
ST024,P00104,113,48,2026-07-10
ST024,P00098,109,30,2026-07-10
ST024,P00010,130,38,2026-07-10
ST024,P00014,212,29,2026-07-10
ST024,P00115,150,18,2026-07-10
ST024,P00272,69,35,2026-07-10
ST024,P00055,179,38,2026-07-10
ST024,P00144,2,16,2026-07-10
ST024,P00235,134,32,2026-07-10
ST024,P00105,115,44,2026-07-10
ST024,P00191,235,17,2026-07-10
ST024,P00065,276,22,2026-07-10
ST024,P00075,192,31,2026-07-10
ST024,P00020,72,27,2026-07-10
ST024,P00223,56,39,2026-07-10
ST024,P00258,156,34,2026-07-10
ST024,P00012,137,31,2026-07-10
ST024,P00110,227,30,2026-07-10
ST025,P00142,82,27,2026-07-10
ST025,P00284,243,10,2026-07-10
ST025,P00059,277,45,2026-07-10
ST025,P00073,168,31,2026-07-10
ST025,P00127,18,34,2026-07-10
ST025,P00235,278,14,2026-07-10
ST025,P00109,10,39,2026-07-10
ST025,P00122,294,12,2026-07-10
ST025,P00112,252,18,2026-07-10
ST025,P00215,220,45,2026-07-10
ST025,P00058,183,13,2026-07-10
ST025,P00195,63,24,2026-07-10
ST025,P00238,233,19,2026-07-10
ST025,P00156,85,22,2026-07-10
ST025,P00279,221,19,2026-07-10
ST025,P00120,131,20,2026-07-10
ST025,P00075,111,17,2026-07-10
ST025,P00155,236,28,2026-07-10
ST025,P00054,217,26,2026-07-10
ST025,P00005,268,20,2026-07-10
ST025,P00229,103,45,2026-07-10
ST025,P00145,227,20,2026-07-10
ST025,P00019,10,34,2026-07-10
ST025,P00280,182,17,2026-07-10
ST025,P00230,136,24,2026-07-10
ST025,P00094,177,29,2026-07-10
ST025,P00241,136,25,2026-07-10
ST025,P00048,207,14,2026-07-10
ST025,P00095,126,20,2026-07-10
ST025,P00049,251,18,2026-07-10
ST025,P00299,279,32,2026-07-10
ST025,P00258,0,39,2026-07-10
ST025,P00162,107,25,2026-07-10
ST025,P00039,113,28,2026-07-10
ST025,P00204,134,12,2026-07-10
ST025,P00051,150,19,2026-07-10
ST025,P00272,227,18,2026-07-10
ST025,P00190,39,17,2026-07-10
ST025,P00015,46,39,2026-07-10
ST025,P00161,238,43,2026-07-10
ST025,P00275,71,44,2026-07-10
ST025,P00186,99,10,2026-07-10
ST025,P00034,207,26,2026-07-10
ST025,P00151,64,12,2026-07-10
ST025,P00232,198,24,2026-07-10
ST025,P00141,196,46,2026-07-10
ST025,P00167,90,39,2026-07-10
ST025,P00221,71,19,2026-07-10
ST025,P00178,101,16,2026-07-10
ST025,P00170,103,27,2026-07-10
ST025,P00255,249,44,2026-07-10
ST025,P00107,141,21,2026-07-10
ST025,P00188,208,27,2026-07-10
ST025,P00117,34,32,2026-07-10
ST025,P00024,178,11,2026-07-10
ST025,P00008,172,27,2026-07-10
ST025,P00060,244,36,2026-07-10
ST025,P00143,35,34,2026-07-10
ST025,P00137,197,48,2026-07-10
ST025,P00153,250,40,2026-07-10
ST025,P00089,10,25,2026-07-10
ST025,P00285,205,18,2026-07-10
ST025,P00118,214,37,2026-07-10
ST025,P00007,125,48,2026-07-10
ST025,P00294,59,27,2026-07-10
ST025,P00244,151,37,2026-07-10
ST025,P00028,198,14,2026-07-10
ST025,P00227,67,34,2026-07-10
ST025,P00220,222,39,2026-07-10
ST025,P00290,162,26,2026-07-10
ST025,P00110,76,29,2026-07-10
ST025,P00246,46,49,2026-07-10
ST025,P00052,28,41,2026-07-10
ST025,P00175,220,22,2026-07-10
ST025,P00160,156,39,2026-07-10
ST025,P00231,65,43,2026-07-10
ST025,P00023,138,38,2026-07-10
ST025,P00124,270,48,2026-07-10
ST025,P00173,182,36,2026-07-10
ST025,P00286,239,37,2026-07-10
ST025,P00057,271,33,2026-07-10
ST025,P00063,130,31,2026-07-10
ST025,P00133,106,16,2026-07-10
ST025,P00140,287,26,2026-07-10
ST025,P00091,186,50,2026-07-10
ST025,P00001,137,31,2026-07-10
ST025,P00240,69,50,2026-07-10
ST025,P00106,30,12,2026-07-10
ST025,P00223,16,35,2026-07-10
ST025,P00197,203,30,2026-07-10
ST025,P00200,218,38,2026-07-10
ST025,P00297,214,36,2026-07-10
ST025,P00011,221,49,2026-07-10
ST025,P00038,200,41,2026-07-10
ST025,P00207,155,38,2026-07-10
ST025,P00271,290,36,2026-07-10
ST025,P00191,190,18,2026-07-10
ST025,P00268,281,33,2026-07-10
ST025,P00099,78,39,2026-07-10
ST025,P00021,175,33,2026-07-10
ST026,P00168,137,36,2026-07-10
ST026,P00121,3,42,2026-07-10
ST026,P00185,289,42,2026-07-10
ST026,P00030,175,28,2026-07-10
ST026,P00154,183,12,2026-07-10
ST026,P00117,262,37,2026-07-10
ST026,P00136,243,15,2026-07-10
ST026,P00015,132,19,2026-07-10
ST026,P00145,106,22,2026-07-10
ST026,P00009,180,11,2026-07-10
ST026,P00204,273,40,2026-07-10
ST026,P00032,52,41,2026-07-10
ST026,P00152,173,15,2026-07-10
ST026,P00103,36,18,2026-07-10
ST026,P00249,207,21,2026-07-10
ST026,P00269,141,27,2026-07-10
ST026,P00183,122,36,2026-07-10
ST026,P00222,206,36,2026-07-10
ST026,P00226,26,17,2026-07-10
ST026,P00049,241,40,2026-07-10
ST026,P00035,43,14,2026-07-10
ST026,P00261,11,40,2026-07-10
ST026,P00090,236,35,2026-07-10
ST026,P00108,76,43,2026-07-10
ST026,P00251,86,44,2026-07-10
ST026,P00232,204,26,2026-07-10
ST026,P00223,271,35,2026-07-10
ST026,P00132,209,31,2026-07-10
ST026,P00253,5,11,2026-07-10
ST026,P00215,237,12,2026-07-10
ST026,P00104,145,41,2026-07-10
ST026,P00151,33,34,2026-07-10
ST026,P00053,124,43,2026-07-10
ST026,P00296,27,24,2026-07-10
ST026,P00239,78,25,2026-07-10
ST026,P00290,167,29,2026-07-10
ST026,P00287,266,22,2026-07-10
ST026,P00059,23,43,2026-07-10
ST026,P00275,284,34,2026-07-10
ST026,P00237,60,36,2026-07-10
ST026,P00100,270,45,2026-07-10
ST026,P00086,271,36,2026-07-10
ST026,P00091,245,25,2026-07-10
ST026,P00042,95,48,2026-07-10
ST026,P00052,49,12,2026-07-10
ST026,P00245,3,13,2026-07-10
ST026,P00130,217,44,2026-07-10
ST026,P00126,94,25,2026-07-10
ST026,P00158,256,35,2026-07-10
ST026,P00081,218,44,2026-07-10
ST026,P00243,225,48,2026-07-10
ST026,P00248,160,30,2026-07-10
ST026,P00087,274,38,2026-07-10
ST026,P00045,222,34,2026-07-10
ST026,P00098,94,48,2026-07-10
ST026,P00023,165,39,2026-07-10
ST026,P00257,136,28,2026-07-10
ST026,P00062,184,45,2026-07-10
ST026,P00160,233,29,2026-07-10
ST026,P00229,250,31,2026-07-10
ST026,P00004,83,30,2026-07-10
ST026,P00247,279,36,2026-07-10
ST026,P00238,186,35,2026-07-10
ST026,P00107,92,44,2026-07-10
ST026,P00083,36,40,2026-07-10
ST026,P00113,223,41,2026-07-10
ST026,P00079,93,31,2026-07-10
ST026,P00189,176,10,2026-07-10
ST026,P00114,225,25,2026-07-10
ST026,P00224,63,49,2026-07-10
ST026,P00019,204,25,2026-07-10
ST026,P00202,20,28,2026-07-10
ST026,P00193,231,19,2026-07-10
ST026,P00146,217,45,2026-07-10
ST026,P00196,172,45,2026-07-10
ST026,P00162,37,15,2026-07-10
ST026,P00299,115,13,2026-07-10
ST026,P00055,250,15,2026-07-10
ST026,P00156,38,21,2026-07-10
ST026,P00161,109,22,2026-07-10
ST026,P00060,117,24,2026-07-10
ST026,P00034,243,30,2026-07-10
ST026,P00020,213,21,2026-07-10
ST026,P00037,149,10,2026-07-10
ST026,P00077,71,47,2026-07-10
ST026,P00201,236,46,2026-07-10
ST026,P00221,108,22,2026-07-10
ST026,P00137,291,46,2026-07-10
ST026,P00082,274,47,2026-07-10
ST026,P00242,97,32,2026-07-10
ST026,P00102,180,13,2026-07-10
ST026,P00199,134,30,2026-07-10
ST026,P00084,249,24,2026-07-10
ST026,P00278,101,14,2026-07-10
ST026,P00194,148,18,2026-07-10
ST026,P00040,31,13,2026-07-10
ST026,P00175,0,46,2026-07-10
ST026,P00147,157,17,2026-07-10
ST026,P00054,236,31,2026-07-10
ST026,P00235,80,10,2026-07-10
ST027,P00207,66,17,2026-07-10
ST027,P00086,11,45,2026-07-10
ST027,P00096,192,19,2026-07-10
ST027,P00090,150,26,2026-07-10
ST027,P00082,262,43,2026-07-10
ST027,P00208,120,13,2026-07-10
ST027,P00023,150,14,2026-07-10
ST027,P00116,270,47,2026-07-10
ST027,P00070,242,10,2026-07-10
ST027,P00057,2,41,2026-07-10
ST027,P00238,90,28,2026-07-10
ST027,P00025,254,37,2026-07-10
ST027,P00262,1,24,2026-07-10
ST027,P00059,192,40,2026-07-10
ST027,P00049,47,24,2026-07-10
ST027,P00137,264,16,2026-07-10
ST027,P00209,247,30,2026-07-10
ST027,P00048,134,46,2026-07-10
ST027,P00258,272,49,2026-07-10
ST027,P00073,166,19,2026-07-10
ST027,P00189,80,33,2026-07-10
ST027,P00215,171,38,2026-07-10
ST027,P00003,67,26,2026-07-10
ST027,P00151,41,13,2026-07-10
ST027,P00205,165,24,2026-07-10
ST027,P00219,89,48,2026-07-10
ST027,P00292,89,31,2026-07-10
ST027,P00277,292,44,2026-07-10
ST027,P00028,95,18,2026-07-10
ST027,P00160,239,20,2026-07-10
ST027,P00286,95,10,2026-07-10
ST027,P00281,160,38,2026-07-10
ST027,P00156,293,44,2026-07-10
ST027,P00250,113,43,2026-07-10
ST027,P00044,29,40,2026-07-10
ST027,P00167,124,39,2026-07-10
ST027,P00265,49,15,2026-07-10
ST027,P00198,69,18,2026-07-10
ST027,P00188,268,35,2026-07-10
ST027,P00192,251,23,2026-07-10
ST027,P00122,267,23,2026-07-10
ST027,P00133,206,10,2026-07-10
ST027,P00141,59,24,2026-07-10
ST027,P00119,285,35,2026-07-10
ST027,P00196,207,17,2026-07-10
ST027,P00078,88,21,2026-07-10
ST027,P00159,87,50,2026-07-10
ST027,P00001,159,25,2026-07-10
ST027,P00136,81,27,2026-07-10
ST027,P00184,148,13,2026-07-10
ST027,P00074,99,29,2026-07-10
ST027,P00127,46,16,2026-07-10
ST027,P00135,286,19,2026-07-10
ST027,P00214,278,18,2026-07-10
ST027,P00186,208,43,2026-07-10
ST027,P00128,38,15,2026-07-10
ST027,P00100,236,33,2026-07-10
ST027,P00299,89,24,2026-07-10
ST027,P00117,273,21,2026-07-10
ST027,P00226,118,10,2026-07-10
ST027,P00008,165,24,2026-07-10
ST027,P00051,170,17,2026-07-10
ST027,P00035,284,44,2026-07-10
ST027,P00123,5,35,2026-07-10
ST027,P00264,140,18,2026-07-10
ST027,P00042,164,28,2026-07-10
ST027,P00056,214,18,2026-07-10
ST027,P00068,36,31,2026-07-10
ST027,P00121,289,44,2026-07-10
ST027,P00144,186,28,2026-07-10
ST027,P00216,205,36,2026-07-10
ST027,P00098,54,41,2026-07-10
ST027,P00296,91,34,2026-07-10
ST027,P00268,295,50,2026-07-10
ST027,P00169,11,37,2026-07-10
ST027,P00147,30,28,2026-07-10
ST027,P00293,98,33,2026-07-10
ST027,P00072,121,27,2026-07-10
ST027,P00009,107,20,2026-07-10
ST027,P00227,2,18,2026-07-10
ST027,P00067,81,25,2026-07-10
ST027,P00155,254,40,2026-07-10
ST027,P00187,144,44,2026-07-10
ST027,P00015,144,45,2026-07-10
ST027,P00081,267,18,2026-07-10
ST027,P00065,45,21,2026-07-10
ST027,P00231,62,42,2026-07-10
ST027,P00245,131,13,2026-07-10
ST027,P00220,63,46,2026-07-10
ST027,P00288,17,42,2026-07-10
ST027,P00158,28,29,2026-07-10
ST027,P00251,282,34,2026-07-10
ST027,P00054,266,18,2026-07-10
ST027,P00182,108,19,2026-07-10
ST027,P00152,287,24,2026-07-10
ST027,P00093,35,45,2026-07-10
ST027,P00026,157,39,2026-07-10
ST027,P00279,155,33,2026-07-10
ST027,P00031,111,13,2026-07-10
ST027,P00094,39,21,2026-07-10
ST028,P00250,109,39,2026-07-10
ST028,P00198,287,36,2026-07-10
ST028,P00189,235,32,2026-07-10
ST028,P00270,205,17,2026-07-10
ST028,P00044,215,49,2026-07-10
ST028,P00022,33,30,2026-07-10
ST028,P00265,181,48,2026-07-10
ST028,P00180,271,45,2026-07-10
ST028,P00257,182,47,2026-07-10
ST028,P00258,9,46,2026-07-10
ST028,P00237,180,28,2026-07-10
ST028,P00032,80,37,2026-07-10
ST028,P00146,98,28,2026-07-10
ST028,P00222,81,30,2026-07-10
ST028,P00179,91,15,2026-07-10
ST028,P00225,245,17,2026-07-10
ST028,P00140,161,21,2026-07-10
ST028,P00255,176,24,2026-07-10
ST028,P00136,273,38,2026-07-10
ST028,P00051,47,40,2026-07-10
ST028,P00098,28,50,2026-07-10
ST028,P00108,79,30,2026-07-10
ST028,P00177,130,35,2026-07-10
ST028,P00100,164,23,2026-07-10
ST028,P00227,58,11,2026-07-10
ST028,P00077,50,46,2026-07-10
ST028,P00298,31,50,2026-07-10
ST028,P00005,173,40,2026-07-10
ST028,P00248,158,26,2026-07-10
ST028,P00199,122,46,2026-07-10
ST028,P00033,74,19,2026-07-10
ST028,P00285,141,49,2026-07-10
ST028,P00271,195,29,2026-07-10
ST028,P00283,253,49,2026-07-10
ST028,P00138,295,23,2026-07-10
ST028,P00029,289,10,2026-07-10
ST028,P00266,248,22,2026-07-10
ST028,P00019,186,39,2026-07-10
ST028,P00211,271,20,2026-07-10
ST028,P00018,66,49,2026-07-10
ST028,P00002,52,20,2026-07-10
ST028,P00132,193,48,2026-07-10
ST028,P00144,279,28,2026-07-10
ST028,P00292,212,30,2026-07-10
ST028,P00028,135,13,2026-07-10
ST028,P00031,152,29,2026-07-10
ST028,P00053,260,22,2026-07-10
ST028,P00235,101,30,2026-07-10
ST028,P00078,116,39,2026-07-10
ST028,P00277,246,15,2026-07-10
ST028,P00268,8,41,2026-07-10
ST028,P00046,145,45,2026-07-10
ST028,P00021,147,21,2026-07-10
ST028,P00073,55,50,2026-07-10
ST028,P00093,100,49,2026-07-10
ST028,P00294,179,28,2026-07-10
ST028,P00249,221,12,2026-07-10
ST028,P00010,189,36,2026-07-10
ST028,P00261,72,25,2026-07-10
ST028,P00003,8,18,2026-07-10
ST028,P00012,11,46,2026-07-10
ST028,P00017,130,16,2026-07-10
ST028,P00116,276,28,2026-07-10
ST028,P00200,91,34,2026-07-10
ST028,P00008,224,34,2026-07-10
ST028,P00069,178,24,2026-07-10
ST028,P00090,61,23,2026-07-10
ST028,P00252,297,40,2026-07-10
ST028,P00184,107,20,2026-07-10
ST028,P00129,277,39,2026-07-10
ST028,P00042,12,44,2026-07-10
ST028,P00242,275,40,2026-07-10
ST028,P00275,144,27,2026-07-10
ST028,P00206,184,34,2026-07-10
ST028,P00170,91,46,2026-07-10
ST028,P00105,187,14,2026-07-10
ST028,P00284,201,21,2026-07-10
ST028,P00092,142,18,2026-07-10
ST028,P00173,170,26,2026-07-10
ST028,P00208,240,47,2026-07-10
ST028,P00037,287,44,2026-07-10
ST028,P00128,27,13,2026-07-10
ST028,P00154,262,45,2026-07-10
ST028,P00045,197,10,2026-07-10
ST028,P00186,264,49,2026-07-10
ST028,P00101,12,40,2026-07-10
ST028,P00083,52,18,2026-07-10
ST028,P00223,116,45,2026-07-10
ST028,P00219,228,26,2026-07-10
ST028,P00050,163,16,2026-07-10
ST028,P00251,41,33,2026-07-10
ST028,P00071,165,14,2026-07-10
ST028,P00152,160,42,2026-07-10
ST028,P00072,32,39,2026-07-10
ST028,P00080,2,32,2026-07-10
ST028,P00197,236,36,2026-07-10
ST028,P00272,266,15,2026-07-10
ST028,P00134,169,32,2026-07-10
ST028,P00262,180,46,2026-07-10
ST028,P00084,226,18,2026-07-10
ST029,P00243,152,47,2026-07-10
ST029,P00157,203,31,2026-07-10
ST029,P00255,268,31,2026-07-10
ST029,P00268,131,46,2026-07-10
ST029,P00067,281,30,2026-07-10
ST029,P00189,29,39,2026-07-10
ST029,P00135,249,43,2026-07-10
ST029,P00210,188,26,2026-07-10
ST029,P00177,233,14,2026-07-10
ST029,P00252,33,32,2026-07-10
ST029,P00174,150,47,2026-07-10
ST029,P00262,161,44,2026-07-10
ST029,P00020,20,43,2026-07-10
ST029,P00164,124,32,2026-07-10
ST029,P00130,249,43,2026-07-10
ST029,P00290,96,41,2026-07-10
ST029,P00219,67,16,2026-07-10
ST029,P00055,151,27,2026-07-10
ST029,P00263,146,40,2026-07-10
ST029,P00144,256,10,2026-07-10
ST029,P00005,125,30,2026-07-10
ST029,P00194,137,33,2026-07-10
ST029,P00065,246,40,2026-07-10
ST029,P00028,38,36,2026-07-10
ST029,P00025,47,22,2026-07-10
ST029,P00128,151,34,2026-07-10
ST029,P00035,227,23,2026-07-10
ST029,P00010,95,33,2026-07-10
ST029,P00193,247,36,2026-07-10
ST029,P00226,60,27,2026-07-10
ST029,P00102,72,27,2026-07-10
ST029,P00053,274,46,2026-07-10
ST029,P00156,276,40,2026-07-10
ST029,P00199,231,40,2026-07-10
ST029,P00024,226,20,2026-07-10
ST029,P00149,206,44,2026-07-10
ST029,P00184,9,37,2026-07-10
ST029,P00114,142,17,2026-07-10
ST029,P00038,12,35,2026-07-10
ST029,P00200,256,34,2026-07-10
ST029,P00283,41,47,2026-07-10
ST029,P00093,18,27,2026-07-10
ST029,P00094,80,39,2026-07-10
ST029,P00112,178,15,2026-07-10
ST029,P00036,20,38,2026-07-10
ST029,P00296,59,25,2026-07-10
ST029,P00279,276,40,2026-07-10
ST029,P00281,171,35,2026-07-10
ST029,P00167,117,38,2026-07-10
ST029,P00238,260,36,2026-07-10
ST029,P00043,67,10,2026-07-10
ST029,P00070,32,35,2026-07-10
ST029,P00216,50,24,2026-07-10
ST029,P00091,244,48,2026-07-10
ST029,P00233,28,26,2026-07-10
ST029,P00190,72,47,2026-07-10
ST029,P00037,114,12,2026-07-10
ST029,P00041,94,21,2026-07-10
ST029,P00139,101,24,2026-07-10
ST029,P00169,100,24,2026-07-10
ST029,P00148,270,34,2026-07-10
ST029,P00068,118,47,2026-07-10
ST029,P00246,300,29,2026-07-10
ST029,P00017,9,30,2026-07-10
ST029,P00117,273,18,2026-07-10
ST029,P00015,57,27,2026-07-10
ST029,P00151,222,41,2026-07-10
ST029,P00060,189,47,2026-07-10
ST029,P00080,1,44,2026-07-10
ST029,P00118,121,29,2026-07-10
ST029,P00090,275,33,2026-07-10
ST029,P00132,219,31,2026-07-10
ST029,P00244,204,33,2026-07-10
ST029,P00204,147,26,2026-07-10
ST029,P00171,279,39,2026-07-10
ST029,P00240,153,35,2026-07-10
ST029,P00140,140,46,2026-07-10
ST029,P00030,168,29,2026-07-10
ST029,P00265,51,48,2026-07-10
ST029,P00208,237,46,2026-07-10
ST029,P00191,213,13,2026-07-10
ST029,P00011,283,47,2026-07-10
ST029,P00212,68,37,2026-07-10
ST029,P00111,64,39,2026-07-10
ST029,P00006,288,12,2026-07-10
ST029,P00123,68,33,2026-07-10
ST029,P00104,89,29,2026-07-10
ST029,P00138,107,17,2026-07-10
ST029,P00231,209,11,2026-07-10
ST029,P00198,62,35,2026-07-10
ST029,P00209,204,33,2026-07-10
ST029,P00121,97,42,2026-07-10
ST029,P00150,51,24,2026-07-10
ST029,P00269,106,14,2026-07-10
ST029,P00001,58,48,2026-07-10
ST029,P00095,244,10,2026-07-10
ST029,P00023,291,36,2026-07-10
ST029,P00133,59,50,2026-07-10
ST029,P00136,222,13,2026-07-10
ST029,P00257,243,46,2026-07-10
ST030,P00008,164,14,2026-07-10
ST030,P00234,240,29,2026-07-10
ST030,P00296,258,45,2026-07-10
ST030,P00300,224,41,2026-07-10
ST030,P00035,130,47,2026-07-10
ST030,P00172,121,38,2026-07-10
ST030,P00026,189,26,2026-07-10
ST030,P00195,23,47,2026-07-10
ST030,P00145,62,35,2026-07-10
ST030,P00041,186,34,2026-07-10
ST030,P00215,128,13,2026-07-10
ST030,P00105,2,41,2026-07-10
ST030,P00117,44,23,2026-07-10
ST030,P00283,155,47,2026-07-10
ST030,P00212,79,46,2026-07-10
ST030,P00023,128,18,2026-07-10
ST030,P00057,8,41,2026-07-10
ST030,P00104,73,30,2026-07-10
ST030,P00010,59,33,2026-07-10
ST030,P00171,45,41,2026-07-10
ST030,P00018,119,34,2026-07-10
ST030,P00213,289,20,2026-07-10
ST030,P00265,99,33,2026-07-10
ST030,P00226,52,29,2026-07-10
ST030,P00255,80,34,2026-07-10
ST030,P00067,60,15,2026-07-10
ST030,P00122,280,18,2026-07-10
ST030,P00009,26,43,2026-07-10
ST030,P00163,216,43,2026-07-10
ST030,P00080,68,30,2026-07-10
ST030,P00001,29,33,2026-07-10
ST030,P00114,11,31,2026-07-10
ST030,P00293,252,13,2026-07-10
ST030,P00120,121,27,2026-07-10
ST030,P00249,14,30,2026-07-10
ST030,P00146,143,10,2026-07-10
ST030,P00048,70,46,2026-07-10
ST030,P00186,1,16,2026-07-10
ST030,P00222,271,19,2026-07-10
ST030,P00064,83,27,2026-07-10
ST030,P00013,220,50,2026-07-10
ST030,P00235,270,34,2026-07-10
ST030,P00278,40,30,2026-07-10
ST030,P00210,87,46,2026-07-10
ST030,P00286,269,49,2026-07-10
ST030,P00282,124,44,2026-07-10
ST030,P00292,40,30,2026-07-10
ST030,P00091,25,10,2026-07-10
ST030,P00154,93,27,2026-07-10
ST030,P00129,218,47,2026-07-10
ST030,P00027,134,22,2026-07-10
ST030,P00196,224,12,2026-07-10
ST030,P00066,172,23,2026-07-10
ST030,P00291,106,35,2026-07-10
ST030,P00068,21,43,2026-07-10
ST030,P00269,69,18,2026-07-10
ST030,P00216,3,17,2026-07-10
ST030,P00162,27,46,2026-07-10
ST030,P00054,81,25,2026-07-10
ST030,P00242,110,18,2026-07-10
ST030,P00137,98,25,2026-07-10
ST030,P00185,216,42,2026-07-10
ST030,P00244,286,25,2026-07-10
ST030,P00012,128,41,2026-07-10
ST030,P00089,227,23,2026-07-10
ST030,P00085,65,27,2026-07-10
ST030,P00070,18,21,2026-07-10
ST030,P00006,27,48,2026-07-10
ST030,P00208,205,27,2026-07-10
ST030,P00143,149,33,2026-07-10
ST030,P00158,169,20,2026-07-10
ST030,P00082,28,27,2026-07-10
ST030,P00232,146,35,2026-07-10
ST030,P00277,235,48,2026-07-10
ST030,P00032,263,29,2026-07-10
ST030,P00053,17,15,2026-07-10
ST030,P00040,50,44,2026-07-10
ST030,P00118,279,41,2026-07-10
ST030,P00183,194,12,2026-07-10
ST030,P00206,173,33,2026-07-10
ST030,P00031,117,28,2026-07-10
ST030,P00169,54,37,2026-07-10
ST030,P00071,217,14,2026-07-10
ST030,P00204,132,20,2026-07-10
ST030,P00218,110,35,2026-07-10
ST030,P00046,159,44,2026-07-10
ST030,P00188,157,36,2026-07-10
ST030,P00270,189,50,2026-07-10
ST030,P00065,247,28,2026-07-10
ST030,P00152,158,47,2026-07-10
ST030,P00161,26,50,2026-07-10
ST030,P00178,239,33,2026-07-10
ST030,P00211,116,31,2026-07-10
ST030,P00127,296,38,2026-07-10
ST030,P00021,60,10,2026-07-10
ST030,P00029,193,25,2026-07-10
ST030,P00084,103,45,2026-07-10
ST030,P00015,22,39,2026-07-10
ST030,P00052,299,44,2026-07-10
ST030,P00101,171,21,2026-07-10
